current_relation,current_column,new_relation,new_column,change_type,notes
AdminDashboardData,,admin_dashboard_data,,rename_relation,relation_not_lowercase
AdminDashboardData,MonitorState,admin_dashboard_data,monitor_state,rename_column,column_not_lowercase
AdminDashboardData,nr,admin_dashboard_data,row_count,rename_column,
AirQErrorMessages,,air_q_error_message,,rename_relation,relation_not_lowercase
AirQErrorMessages,Error,air_q_error_message,error,rename_column,column_not_lowercase
AirQErrorMessages,ErrorTime,air_q_error_message,error_time,rename_column,column_not_lowercase
AirQErrorMessages,Tag,air_q_error_message,tag,rename_column,column_not_lowercase
AirQMonitorStatus,,air_q_monitor_status,,rename_relation,relation_not_lowercase
AirQMonitorStatus,BatteryVoltage,air_q_monitor_status,battery_voltage,rename_column,column_not_lowercase
AirQMonitorStatus,CalibrationDate,air_q_monitor_status,calibration_date,rename_column,column_not_lowercase
AirQMonitorStatus,ErrorCount,air_q_monitor_status,error_count,rename_column,column_not_lowercase
AirQMonitorStatus,FilterChangeDate,air_q_monitor_status,filter_change_date,rename_column,column_not_lowercase
AirQMonitorStatus,PumpHours,air_q_monitor_status,pump_hours,rename_column,column_not_lowercase
AirQMonitorStatus,SerialId,air_q_monitor_status,id,rename_column,column_not_lowercase;single_column_pk
AirQMonitorStatus,Status,air_q_monitor_status,status,rename_column,column_not_lowercase
AirQMonitorStatus,UpdateTime,air_q_monitor_status,update_time,rename_column,column_not_lowercase
AirQNoise8HourAverage,,air_q_noise_8_hour_average,,rename_relation,relation_not_lowercase
AirQNoise8HourAverage,LA10,air_q_noise_8_hour_average,la_10,rename_column,column_not_lowercase
AirQNoise8HourAverage,LA90,air_q_noise_8_hour_average,la_90,rename_column,column_not_lowercase
AirQNoise8HourAverage,LAeq,air_q_noise_8_hour_average,laeq,rename_column,column_not_lowercase
AirQNoise8HourAverage,LAmax,air_q_noise_8_hour_average,lamax,rename_column,column_not_lowercase
AirQNoise8HourAverage,LC10,air_q_noise_8_hour_average,lc_10,rename_column,column_not_lowercase
AirQNoise8HourAverage,LC90,air_q_noise_8_hour_average,lc_90,rename_column,column_not_lowercase
AirQNoise8HourAverage,LCeq,air_q_noise_8_hour_average,lceq,rename_column,column_not_lowercase
AirQNoise8HourAverage,LCmax,air_q_noise_8_hour_average,lcmax,rename_column,column_not_lowercase
AirQNoise8HourAverage,NumberOfSamples,air_q_noise_8_hour_average,number_of_samples,rename_column,column_not_lowercase
AirQNoise8HourAverage,SampleTime,air_q_noise_8_hour_average,sample_time,rename_column,column_not_lowercase
AirQNoise8HourAverage,SerialId,air_q_noise_8_hour_average,serial_id,rename_column,column_not_lowercase
AirQNoiseLevels,,air_q_noise_level,,rename_relation,relation_not_lowercase
AirQNoiseLevels,LA10,air_q_noise_level,la_10,rename_column,column_not_lowercase
AirQNoiseLevels,LA90,air_q_noise_level,la_90,rename_column,column_not_lowercase
AirQNoiseLevels,LAeq,air_q_noise_level,laeq,rename_column,column_not_lowercase
AirQNoiseLevels,LAmax,air_q_noise_level,lamax,rename_column,column_not_lowercase
AirQNoiseLevels,LC10,air_q_noise_level,lc_10,rename_column,column_not_lowercase
AirQNoiseLevels,LC90,air_q_noise_level,lc_90,rename_column,column_not_lowercase
AirQNoiseLevels,LCeq,air_q_noise_level,lceq,rename_column,column_not_lowercase
AirQNoiseLevels,LCmax,air_q_noise_level,lcmax,rename_column,column_not_lowercase
AirQNoiseLevels,SampleTime,air_q_noise_level,sample_time,rename_column,column_not_lowercase
AirQNoiseLevels,SerialId,air_q_noise_level,serial_id,rename_column,column_not_lowercase
AspNetRoleClaims,,AspNetRoleClaims,,no_change,relation_not_lowercase;identity_excluded
AspNetRoleClaims,ClaimType,AspNetRoleClaims,ClaimType,no_change,column_not_lowercase;identity_excluded
AspNetRoleClaims,ClaimValue,AspNetRoleClaims,ClaimValue,no_change,column_not_lowercase;identity_excluded
AspNetRoleClaims,Id,AspNetRoleClaims,Id,no_change,column_not_lowercase;single_column_pk;identity_excluded
AspNetRoleClaims,RoleId,AspNetRoleClaims,RoleId,no_change,column_not_lowercase;fk_to_asp_net_role;identity_excluded
AspNetRoles,,AspNetRoles,,no_change,relation_not_lowercase;identity_excluded
AspNetRoles,ConcurrencyStamp,AspNetRoles,ConcurrencyStamp,no_change,column_not_lowercase;identity_excluded
AspNetRoles,Id,AspNetRoles,Id,no_change,column_not_lowercase;single_column_pk;identity_excluded
AspNetRoles,Name,AspNetRoles,Name,no_change,column_not_lowercase;identity_excluded
AspNetRoles,NormalizedName,AspNetRoles,NormalizedName,no_change,column_not_lowercase;identity_excluded
AspNetUserClaims,,AspNetUserClaims,,no_change,relation_not_lowercase;identity_excluded
AspNetUserClaims,ClaimType,AspNetUserClaims,ClaimType,no_change,column_not_lowercase;identity_excluded
AspNetUserClaims,ClaimValue,AspNetUserClaims,ClaimValue,no_change,column_not_lowercase;identity_excluded
AspNetUserClaims,Id,AspNetUserClaims,Id,no_change,column_not_lowercase;single_column_pk;identity_excluded
AspNetUserClaims,UserId,AspNetUserClaims,UserId,no_change,column_not_lowercase;fk_to_asp_net_user;identity_excluded
AspNetUserLogins,,AspNetUserLogins,,no_change,relation_not_lowercase;identity_excluded
AspNetUserLogins,LoginProvider,AspNetUserLogins,LoginProvider,no_change,column_not_lowercase;identity_excluded
AspNetUserLogins,ProviderDisplayName,AspNetUserLogins,ProviderDisplayName,no_change,column_not_lowercase;identity_excluded
AspNetUserLogins,ProviderKey,AspNetUserLogins,ProviderKey,no_change,column_not_lowercase;identity_excluded
AspNetUserLogins,UserId,AspNetUserLogins,UserId,no_change,column_not_lowercase;fk_to_asp_net_user;identity_excluded
AspNetUserRoles,,AspNetUserRoles,,no_change,relation_not_lowercase;identity_excluded
AspNetUserRoles,RoleId,AspNetUserRoles,RoleId,no_change,column_not_lowercase;fk_to_asp_net_role;identity_excluded
AspNetUserRoles,UserId,AspNetUserRoles,UserId,no_change,column_not_lowercase;fk_to_asp_net_user;identity_excluded
AspNetUserTokens,,AspNetUserTokens,,no_change,relation_not_lowercase;identity_excluded
AspNetUserTokens,LoginProvider,AspNetUserTokens,LoginProvider,no_change,column_not_lowercase;identity_excluded
AspNetUserTokens,Name,AspNetUserTokens,Name,no_change,column_not_lowercase;identity_excluded
AspNetUserTokens,UserId,AspNetUserTokens,UserId,no_change,column_not_lowercase;fk_to_asp_net_user;identity_excluded
AspNetUserTokens,Value,AspNetUserTokens,Value,no_change,column_not_lowercase;identity_excluded
AspNetUsers,,AspNetUsers,,no_change,relation_not_lowercase;identity_excluded
AspNetUsers,AccessFailedCount,AspNetUsers,AccessFailedCount,no_change,column_not_lowercase;identity_excluded
AspNetUsers,CompanyId,AspNetUsers,CompanyId,no_change,column_not_lowercase;identity_excluded
AspNetUsers,CompanyRole,AspNetUsers,CompanyRole,no_change,column_not_lowercase;identity_excluded
AspNetUsers,ConcurrencyStamp,AspNetUsers,ConcurrencyStamp,no_change,column_not_lowercase;identity_excluded
AspNetUsers,Email,AspNetUsers,Email,no_change,column_not_lowercase;identity_excluded
AspNetUsers,EmailConfirmed,AspNetUsers,EmailConfirmed,no_change,column_not_lowercase;identity_excluded
AspNetUsers,Id,AspNetUsers,Id,no_change,column_not_lowercase;single_column_pk;identity_excluded
AspNetUsers,IsDisabled,AspNetUsers,IsDisabled,no_change,column_not_lowercase;identity_excluded
AspNetUsers,LockoutEnabled,AspNetUsers,LockoutEnabled,no_change,column_not_lowercase;identity_excluded
AspNetUsers,LockoutEnd,AspNetUsers,LockoutEnd,no_change,column_not_lowercase;identity_excluded
AspNetUsers,Name,AspNetUsers,Name,no_change,column_not_lowercase;identity_excluded
AspNetUsers,NormalizedEmail,AspNetUsers,NormalizedEmail,no_change,column_not_lowercase;identity_excluded
AspNetUsers,NormalizedUserName,AspNetUsers,NormalizedUserName,no_change,column_not_lowercase;identity_excluded
AspNetUsers,PasswordHash,AspNetUsers,PasswordHash,no_change,column_not_lowercase;identity_excluded
AspNetUsers,PhoneNumber,AspNetUsers,PhoneNumber,no_change,column_not_lowercase;identity_excluded
AspNetUsers,PhoneNumberConfirmed,AspNetUsers,PhoneNumberConfirmed,no_change,column_not_lowercase;identity_excluded
AspNetUsers,SecurityStamp,AspNetUsers,SecurityStamp,no_change,column_not_lowercase;identity_excluded
AspNetUsers,TwoFactorEnabled,AspNetUsers,TwoFactorEnabled,no_change,column_not_lowercase;identity_excluded
AspNetUsers,UserName,AspNetUsers,UserName,no_change,column_not_lowercase;identity_excluded
Companies,,company,,rename_relation,relation_not_lowercase
Companies,CompanyName,company,company_name,rename_column,column_not_lowercase
Companies,Id,company,id,rename_column,column_not_lowercase;single_column_pk
CompanySearch,,company_search,,rename_relation,relation_not_lowercase
CompanySearch,CompanyName,company_search,company_name,rename_column,column_not_lowercase
CompanySearch,Id,company_search,id,rename_column,column_not_lowercase
CompanySearch,nrUsers,company_search,user_count,rename_column,column_not_lowercase
ContractSearch,,contract_search,,rename_relation,relation_not_lowercase
ContractSearch,CompanyId,contract_search,company_id,rename_column,column_not_lowercase
ContractSearch,CompanyName,contract_search,company_name,rename_column,column_not_lowercase
ContractSearch,ContractNumber,contract_search,contract_number,rename_column,column_not_lowercase
ContractSearch,Id,contract_search,id,rename_column,column_not_lowercase
ContractSearch,OffHireDate,contract_search,off_hire_date,rename_column,column_not_lowercase
ContractSearch,OnHireDate,contract_search,on_hire_date,rename_column,column_not_lowercase
ContractSearch,SiteName,contract_search,site_name,rename_column,column_not_lowercase
ContractSearch,SiteiD,contract_search,site_id,rename_column,column_not_lowercase
ContractSearch,siteAddress,contract_search,site_address,rename_column,column_not_lowercase
Contracts,,contract,,rename_relation,relation_not_lowercase
Contracts,CompanyId,contract,company_id,rename_column,column_not_lowercase;fk_to_company
Contracts,ContractNumber,contract,contract_number,rename_column,column_not_lowercase
Contracts,Id,contract,id,rename_column,column_not_lowercase;single_column_pk
Contracts,OffHireDate,contract,off_hire_date,rename_column,column_not_lowercase
Contracts,OnHireDate,contract,on_hire_date,rename_column,column_not_lowercase
Contracts,SiteiD,contract,site_id,rename_column,column_not_lowercase;fk_to_site
CustomerDashboardMonitorData,,customer_dashboard_monitor_data,,rename_relation,relation_not_lowercase
CustomerDashboardMonitorData,MonitorState,customer_dashboard_monitor_data,monitor_state,rename_column,column_not_lowercase
CustomerDashboardMonitorData,UserId,customer_dashboard_monitor_data,user_id,rename_column,column_not_lowercase
CustomerDashboardMonitorData,nr,customer_dashboard_monitor_data,row_count,rename_column,
CustomerDashboardNotificationData,,customer_dashboard_notification_data,,rename_relation,relation_not_lowercase
CustomerDashboardNotificationData,AlertState,customer_dashboard_notification_data,alert_state,rename_column,column_not_lowercase
CustomerDashboardNotificationData,AlertType,customer_dashboard_notification_data,alert_type,rename_column,column_not_lowercase
CustomerDashboardNotificationData,UserId,customer_dashboard_notification_data,user_id,rename_column,column_not_lowercase
CustomerDashboardNotificationData,nr,customer_dashboard_notification_data,row_count,rename_column,
Deployments,,deployment,,rename_relation,relation_not_lowercase
Deployments,ContractId,deployment,contract_id,rename_column,column_not_lowercase;fk_to_contract
Deployments,EndDate,deployment,end_date,rename_column,column_not_lowercase
Deployments,Id,deployment,id,rename_column,column_not_lowercase;single_column_pk
Deployments,Lat,deployment,lat,rename_column,column_not_lowercase
Deployments,Lng,deployment,lng,rename_column,column_not_lowercase
Deployments,Location,deployment,location,rename_column,column_not_lowercase
Deployments,MonitorId,deployment,monitor_id,rename_column,column_not_lowercase;fk_to_monitor
Deployments,PictureLink,deployment,picture_link,rename_column,column_not_lowercase
Deployments,StartDate,deployment,start_date,rename_column,column_not_lowercase
Deployments,What3words,deployment,what_3_words,rename_column,column_not_lowercase
ErrorLog,,error_log,,rename_relation,relation_not_lowercase
ErrorLog,Host,error_log,host,rename_column,column_not_lowercase
ErrorLog,Id,error_log,id,rename_column,column_not_lowercase
ErrorLog,Level,error_log,level,rename_column,column_not_lowercase
ErrorLog,Message,error_log,message,rename_column,column_not_lowercase
ErrorLog,Source,error_log,source,rename_column,column_not_lowercase
ErrorLog,StackTrace,error_log,stack_trace,rename_column,column_not_lowercase
ErrorLog,Timestamtp,error_log,logged_at,rename_column,column_not_lowercase;legacy_misspelling
ErrorLog,Variables,error_log,variables,rename_column,column_not_lowercase
HelpArticles,,help_article,,rename_relation,relation_not_lowercase
HelpArticles,Body,help_article,body,rename_column,column_not_lowercase
HelpArticles,ContentType,help_article,content_type,rename_column,column_not_lowercase
HelpArticles,CreatedAtUtc,help_article,created_at_utc,rename_column,column_not_lowercase
HelpArticles,Id,help_article,id,rename_column,column_not_lowercase;single_column_pk
HelpArticles,IsPublished,help_article,is_published,rename_column,column_not_lowercase
HelpArticles,SectionId,help_article,help_section_id,rename_column,column_not_lowercase;fk_to_help_section
HelpArticles,Slug,help_article,slug,rename_column,column_not_lowercase
HelpArticles,SortOrder,help_article,sort_order,rename_column,column_not_lowercase
HelpArticles,Summary,help_article,summary,rename_column,column_not_lowercase
HelpArticles,Title,help_article,title,rename_column,column_not_lowercase
HelpArticles,UpdatedAtUtc,help_article,updated_at_utc,rename_column,column_not_lowercase
HelpAssets,,help_asset,,rename_relation,relation_not_lowercase
HelpAssets,AssetType,help_asset,asset_type,rename_column,column_not_lowercase
HelpAssets,HelpArticleId,help_asset,help_article_id,rename_column,column_not_lowercase;fk_to_help_article
HelpAssets,Id,help_asset,id,rename_column,column_not_lowercase;single_column_pk
HelpAssets,InternalPath,help_asset,internal_path,rename_column,column_not_lowercase
HelpAssets,SortOrder,help_asset,sort_order,rename_column,column_not_lowercase
HelpAssets,Title,help_asset,title,rename_column,column_not_lowercase
HelpAssets,Url,help_asset,url,rename_column,column_not_lowercase
HelpSections,,help_section,,rename_relation,relation_not_lowercase
HelpSections,Id,help_section,id,rename_column,column_not_lowercase;single_column_pk
HelpSections,IsPublished,help_section,is_published,rename_column,column_not_lowercase
HelpSections,Slug,help_section,slug,rename_column,column_not_lowercase
HelpSections,SortOrder,help_section,sort_order,rename_column,column_not_lowercase
HelpSections,Title,help_section,title,rename_column,column_not_lowercase
MonitorCurrentSearch,,monitor_current_search,,rename_relation,relation_not_lowercase
MonitorCurrentSearch,Alerts,monitor_current_search,alerts,rename_column,column_not_lowercase
MonitorCurrentSearch,Battery,monitor_current_search,battery,rename_column,column_not_lowercase
MonitorCurrentSearch,Cautions,monitor_current_search,cautions,rename_column,column_not_lowercase
MonitorCurrentSearch,ContractId,monitor_current_search,contract_id,rename_column,column_not_lowercase
MonitorCurrentSearch,ContractNumber,monitor_current_search,contract_number,rename_column,column_not_lowercase
MonitorCurrentSearch,DeploymentId,monitor_current_search,deployment_id,rename_column,column_not_lowercase
MonitorCurrentSearch,FleetNr,monitor_current_search,fleet_row_count,rename_column,column_not_lowercase
MonitorCurrentSearch,Id,monitor_current_search,id,rename_column,column_not_lowercase
MonitorCurrentSearch,LastDataTime,monitor_current_search,last_data_time,rename_column,column_not_lowercase
MonitorCurrentSearch,Latitude,monitor_current_search,latitude,rename_column,column_not_lowercase
MonitorCurrentSearch,LocationId,monitor_current_search,location_id,rename_column,column_not_lowercase
MonitorCurrentSearch,Longitude,monitor_current_search,longitude,rename_column,column_not_lowercase
MonitorCurrentSearch,OffLine,monitor_current_search,off_line,rename_column,column_not_lowercase
MonitorCurrentSearch,SerialId,monitor_current_search,serial_id,rename_column,column_not_lowercase
MonitorCurrentSearch,SiteName,monitor_current_search,site_name,rename_column,column_not_lowercase
MonitorCurrentSearch,SiteiD,monitor_current_search,site_id,rename_column,column_not_lowercase
MonitorCurrentSearch,TypeOfMonitor,monitor_current_search,type_of_monitor,rename_column,column_not_lowercase
MonitorCurrentSearch,What3words,monitor_current_search,what_3_words,rename_column,column_not_lowercase
MonitorSearch,,monitor_search,,rename_relation,relation_not_lowercase
MonitorSearch,Active,monitor_search,active,rename_column,column_not_lowercase
MonitorSearch,Alerts,monitor_search,alerts,rename_column,column_not_lowercase
MonitorSearch,Battery,monitor_search,battery,rename_column,column_not_lowercase
MonitorSearch,Cautions,monitor_search,cautions,rename_column,column_not_lowercase
MonitorSearch,ContractId,monitor_search,contract_id,rename_column,column_not_lowercase
MonitorSearch,ContractNumber,monitor_search,contract_number,rename_column,column_not_lowercase
MonitorSearch,DeploymentId,monitor_search,deployment_id,rename_column,column_not_lowercase
MonitorSearch,EndDate,monitor_search,end_date,rename_column,column_not_lowercase
MonitorSearch,FleetNr,monitor_search,fleet_row_count,rename_column,column_not_lowercase
MonitorSearch,Id,monitor_search,id,rename_column,column_not_lowercase
MonitorSearch,LastDataTime,monitor_search,last_data_time,rename_column,column_not_lowercase
MonitorSearch,Latitude,monitor_search,latitude,rename_column,column_not_lowercase
MonitorSearch,LocationId,monitor_search,location_id,rename_column,column_not_lowercase
MonitorSearch,Longitude,monitor_search,longitude,rename_column,column_not_lowercase
MonitorSearch,MonitorName,monitor_search,monitor_name,rename_column,column_not_lowercase
MonitorSearch,OffLine,monitor_search,off_line,rename_column,column_not_lowercase
MonitorSearch,SerialId,monitor_search,serial_id,rename_column,column_not_lowercase
MonitorSearch,SiteName,monitor_search,site_name,rename_column,column_not_lowercase
MonitorSearch,SiteiD,monitor_search,site_id,rename_column,column_not_lowercase
MonitorSearch,TypeOfMonitor,monitor_search,type_of_monitor,rename_column,column_not_lowercase
MonitorSearch,What3words,monitor_search,what_3_words,rename_column,column_not_lowercase
MonitorUserSearch,,monitor_user_search,,rename_relation,relation_not_lowercase
MonitorUserSearch,Active,monitor_user_search,active,rename_column,column_not_lowercase
MonitorUserSearch,Alerts,monitor_user_search,alerts,rename_column,column_not_lowercase
MonitorUserSearch,Battery,monitor_user_search,battery,rename_column,column_not_lowercase
MonitorUserSearch,Cautions,monitor_user_search,cautions,rename_column,column_not_lowercase
MonitorUserSearch,ContractNumber,monitor_user_search,contract_number,rename_column,column_not_lowercase
MonitorUserSearch,DeploymentId,monitor_user_search,deployment_id,rename_column,column_not_lowercase
MonitorUserSearch,FleetNr,monitor_user_search,fleet_row_count,rename_column,column_not_lowercase
MonitorUserSearch,Id,monitor_user_search,id,rename_column,column_not_lowercase
MonitorUserSearch,LastDataTime,monitor_user_search,last_data_time,rename_column,column_not_lowercase
MonitorUserSearch,Latitude,monitor_user_search,latitude,rename_column,column_not_lowercase
MonitorUserSearch,LocationId,monitor_user_search,location_id,rename_column,column_not_lowercase
MonitorUserSearch,Longitude,monitor_user_search,longitude,rename_column,column_not_lowercase
MonitorUserSearch,OffLine,monitor_user_search,off_line,rename_column,column_not_lowercase
MonitorUserSearch,SerialId,monitor_user_search,serial_id,rename_column,column_not_lowercase
MonitorUserSearch,SiteName,monitor_user_search,site_name,rename_column,column_not_lowercase
MonitorUserSearch,SiteiD,monitor_user_search,site_id,rename_column,column_not_lowercase
MonitorUserSearch,TypeOfMonitor,monitor_user_search,type_of_monitor,rename_column,column_not_lowercase
MonitorUserSearch,UserId,monitor_user_search,user_id,rename_column,column_not_lowercase
MonitorUserSearch,What3words,monitor_user_search,what_3_words,rename_column,column_not_lowercase
MonitorsList,,monitor,,rename_relation,relation_not_lowercase
MonitorsList,BatteryStatus,monitor,battery_status,rename_column,column_not_lowercase
MonitorsList,CalibrationDate,monitor,calibration_date,rename_column,column_not_lowercase
MonitorsList,CalibrationDue,monitor,calibration_due,rename_column,column_not_lowercase
MonitorsList,CustomerDisplayName,monitor,customer_display_name,rename_column,column_not_lowercase
MonitorsList,CustomerId,monitor,customer_id,rename_column,column_not_lowercase
MonitorsList,FirmwareVersion,monitor,firmware_version,rename_column,column_not_lowercase
MonitorsList,FleetNr,monitor,fleet_row_count,rename_column,column_not_lowercase
MonitorsList,Id,monitor,id,rename_column,column_not_lowercase;single_column_pk
MonitorsList,LastDataTime15Min,monitor,last_data_time_15_min,rename_column,column_not_lowercase
MonitorsList,LastDataTime1Hour,monitor,last_data_time_1_hour,rename_column,column_not_lowercase
MonitorsList,LastDataTime1Min,monitor,last_data_time_1_min,rename_column,column_not_lowercase
MonitorsList,LastDataTime24Hour,monitor,last_data_time_24_hour,rename_column,column_not_lowercase
MonitorsList,Latitude,monitor,latitude,rename_column,column_not_lowercase
MonitorsList,ListedAtTime,monitor,listed_at_time,rename_column,column_not_lowercase
MonitorsList,LocationAddress,monitor,location_address,rename_column,column_not_lowercase
MonitorsList,LocationId,monitor,location_id,rename_column,column_not_lowercase
MonitorsList,Longitude,monitor,longitude,rename_column,column_not_lowercase
MonitorsList,Manufacturer,monitor,manufacturer,rename_column,column_not_lowercase
MonitorsList,Model,monitor,model,rename_column,column_not_lowercase
MonitorsList,Offline,monitor,offline,rename_column,column_not_lowercase
MonitorsList,SerialId,monitor,serial_id,rename_column,column_not_lowercase
MonitorsList,TimeZone,monitor,time_zone,rename_column,column_not_lowercase
MonitorsList,TypeOfMonitor,monitor,type_of_monitor,rename_column,column_not_lowercase
MyAtmAccessoryInfo,,my_atm_accessory_info,,rename_relation,relation_not_lowercase
MyAtmAccessoryInfo,DigitalAmbientProtectionAttached,my_atm_accessory_info,digital_ambient_protection_attached,rename_column,column_not_lowercase
MyAtmAccessoryInfo,DigitalCalibration,my_atm_accessory_info,digital_calibration,rename_column,column_not_lowercase
MyAtmAccessoryInfo,DigitalCalibrationEnableStatus,my_atm_accessory_info,digital_calibration_enable_status,rename_column,column_not_lowercase
MyAtmAccessoryInfo,DigitalCoincidence,my_atm_accessory_info,digital_coincidence,rename_column,column_not_lowercase
MyAtmAccessoryInfo,DigitalCondensationCooling,my_atm_accessory_info,digital_condensation_cooling,rename_column,column_not_lowercase
MyAtmAccessoryInfo,DigitalCountModus,my_atm_accessory_info,digital_count_modus,rename_column,column_not_lowercase
MyAtmAccessoryInfo,DigitalDropletSize,my_atm_accessory_info,digital_droplet_size,rename_column,column_not_lowercase
MyAtmAccessoryInfo,DigitalEvaporationHeating,my_atm_accessory_info,digital_evaporation_heating,rename_column,column_not_lowercase
MyAtmAccessoryInfo,DigitalGlobalError,my_atm_accessory_info,digital_global_error,rename_column,column_not_lowercase
MyAtmAccessoryInfo,DigitalGlobalWarning,my_atm_accessory_info,digital_global_warning,rename_column,column_not_lowercase
MyAtmAccessoryInfo,DigitalIads,my_atm_accessory_info,digital_iads,rename_column,column_not_lowercase
MyAtmAccessoryInfo,DigitalIadsActivated,my_atm_accessory_info,digital_iads_activated,rename_column,column_not_lowercase
MyAtmAccessoryInfo,DigitalIadsConnected,my_atm_accessory_info,digital_iads_connected,rename_column,column_not_lowercase
MyAtmAccessoryInfo,DigitalLiquidPumps,my_atm_accessory_info,digital_liquid_pumps,rename_column,column_not_lowercase
MyAtmAccessoryInfo,DigitalOperatingModus,my_atm_accessory_info,digital_operating_modus,rename_column,column_not_lowercase
MyAtmAccessoryInfo,DigitalOpticsTemperature,my_atm_accessory_info,digital_optics_temperature,rename_column,column_not_lowercase
MyAtmAccessoryInfo,DigitalSensorData,my_atm_accessory_info,digital_sensor_data,rename_column,column_not_lowercase
MyAtmAccessoryInfo,DigitalSensorLed,my_atm_accessory_info,digital_sensor_led,rename_column,column_not_lowercase
MyAtmAccessoryInfo,DigitalSensorNoise,my_atm_accessory_info,digital_sensor_noise,rename_column,column_not_lowercase
MyAtmAccessoryInfo,DigitalSuction,my_atm_accessory_info,digital_suction,rename_column,column_not_lowercase
MyAtmAccessoryInfo,DigitalVolumeFlow,my_atm_accessory_info,digital_volume_flow,rename_column,column_not_lowercase
MyAtmAccessoryInfo,DigitalWeatherStation,my_atm_accessory_info,digital_weather_station,rename_column,column_not_lowercase
MyAtmAccessoryInfo,OperatingAutoCalibrationPeakPosition,my_atm_accessory_info,operating_auto_calibration_peak_position,rename_column,column_not_lowercase
MyAtmAccessoryInfo,OperatingFlowCorrectionFactor,my_atm_accessory_info,operating_flow_correction_factor,rename_column,column_not_lowercase
MyAtmAccessoryInfo,OperatingPMio,my_atm_accessory_info,operating_pmio,rename_column,column_not_lowercase
MyAtmAccessoryInfo,OperatingPeakPosition15s,my_atm_accessory_info,operating_peak_position_15_s,rename_column,column_not_lowercase
MyAtmAccessoryInfo,OperatingPowerHeating,my_atm_accessory_info,operating_power_heating,rename_column,column_not_lowercase
MyAtmAccessoryInfo,OperatingPowerHousingBlower,my_atm_accessory_info,operating_power_housing_blower,rename_column,column_not_lowercase
MyAtmAccessoryInfo,OperatingPowerLed,my_atm_accessory_info,operating_power_led,rename_column,column_not_lowercase
MyAtmAccessoryInfo,OperatingPowerPmt,my_atm_accessory_info,operating_power_pmt,rename_column,column_not_lowercase
MyAtmAccessoryInfo,OperatingPowerSeparatorBlower,my_atm_accessory_info,operating_power_separator_blower,rename_column,column_not_lowercase
MyAtmAccessoryInfo,OperatingPowerVolumeFlowBlower,my_atm_accessory_info,operating_power_volume_flow_blower,rename_column,column_not_lowercase
MyAtmAccessoryInfo,OperatingRHMio,my_atm_accessory_info,operating_rh_mio,rename_column,column_not_lowercase
MyAtmAccessoryInfo,OperatingSlaNoiseLevel,my_atm_accessory_info,operating_sla_noise_level,rename_column,column_not_lowercase
MyAtmAccessoryInfo,OperatingSlaOffsetAdjustmentVoltage,my_atm_accessory_info,operating_sla_offset_adjustment_voltage,rename_column,column_not_lowercase
MyAtmAccessoryInfo,OperatingSpanPointDeviation,my_atm_accessory_info,operating_span_point_deviation,rename_column,column_not_lowercase
MyAtmAccessoryInfo,OperatingTHeating,my_atm_accessory_info,operating_t_heating,rename_column,column_not_lowercase
MyAtmAccessoryInfo,OperatingTLed,my_atm_accessory_info,operating_t_led,rename_column,column_not_lowercase
MyAtmAccessoryInfo,OperatingTMio,my_atm_accessory_info,operating_tmio,rename_column,column_not_lowercase
MyAtmAccessoryInfo,OperatingVelocity,my_atm_accessory_info,operating_velocity,rename_column,column_not_lowercase
MyAtmAccessoryInfo,OperatingVolumeFlow,my_atm_accessory_info,operating_volume_flow,rename_column,column_not_lowercase
MyAtmAccessoryInfo,OperatingVolumeFlowSignalLength,my_atm_accessory_info,operating_volume_flow_signal_length,rename_column,column_not_lowercase
MyAtmAccessoryInfo,OperatingVolumeFlowTimestamp,my_atm_accessory_info,operating_volume_flow_time,rename_column,column_not_lowercase;data_type_name_removed
MyAtmAccessoryInfo,SampleTime,my_atm_accessory_info,sample_time,rename_column,column_not_lowercase
MyAtmAccessoryInfo,SerialId,my_atm_accessory_info,serial_id,rename_column,column_not_lowercase
MyAtmDustLevel8hourAvg,,my_atm_dust_level_8_hour_avg,,rename_relation,relation_not_lowercase
MyAtmDustLevel8hourAvg,Pm1,my_atm_dust_level_8_hour_avg,pm_1,rename_column,column_not_lowercase
MyAtmDustLevel8hourAvg,Pm10,my_atm_dust_level_8_hour_avg,pm_10,rename_column,column_not_lowercase
MyAtmDustLevel8hourAvg,Pm2_5,my_atm_dust_level_8_hour_avg,pm_2_5,rename_column,column_not_lowercase
MyAtmDustLevel8hourAvg,PmTotal,my_atm_dust_level_8_hour_avg,pm_total,rename_column,column_not_lowercase
MyAtmDustLevel8hourAvg,SampleTime,my_atm_dust_level_8_hour_avg,sample_time,rename_column,column_not_lowercase
MyAtmDustLevel8hourAvg,SerialId,my_atm_dust_level_8_hour_avg,serial_id,rename_column,column_not_lowercase
MyAtmDustLevels,,my_atm_dust_level,,rename_relation,relation_not_lowercase
MyAtmDustLevels,Avrg,my_atm_dust_level,avrg,rename_column,column_not_lowercase
MyAtmDustLevels,Pm1,my_atm_dust_level,pm_1,rename_column,column_not_lowercase
MyAtmDustLevels,Pm10,my_atm_dust_level,pm_10,rename_column,column_not_lowercase
MyAtmDustLevels,Pm2_5,my_atm_dust_level,pm_2_5,rename_column,column_not_lowercase
MyAtmDustLevels,PmTotal,my_atm_dust_level,pm_total,rename_column,column_not_lowercase
MyAtmDustLevels,SampleTime,my_atm_dust_level,sample_time,rename_column,column_not_lowercase
MyAtmDustLevels,SerialId,my_atm_dust_level,serial_id,rename_column,column_not_lowercase
MyAtmDustLevels,Weather_p,my_atm_dust_level,weather_p,rename_column,column_not_lowercase
MyAtmDustLevels,Weather_rh,my_atm_dust_level,weather_rh,rename_column,column_not_lowercase
MyAtmDustLevels,Weather_t,my_atm_dust_level,weather_t,rename_column,column_not_lowercase
MyAtmErrorMessages,,my_atm_error_message,,rename_relation,relation_not_lowercase
MyAtmErrorMessages,Error,my_atm_error_message,error,rename_column,column_not_lowercase
MyAtmErrorMessages,ErrorTime,my_atm_error_message,error_time,rename_column,column_not_lowercase
MyAtmErrorMessages,Tag,my_atm_error_message,tag,rename_column,column_not_lowercase
NoiseLevel15minAvg,,noise_level_15_min_avg,,rename_relation,relation_not_lowercase
NoiseLevel15minAvg,LA10,noise_level_15_min_avg,la_10,rename_column,column_not_lowercase
NoiseLevel15minAvg,LA90,noise_level_15_min_avg,la_90,rename_column,column_not_lowercase
NoiseLevel15minAvg,LAeq,noise_level_15_min_avg,laeq,rename_column,column_not_lowercase
NoiseLevel15minAvg,LAmax,noise_level_15_min_avg,lamax,rename_column,column_not_lowercase
NoiseLevel15minAvg,LC10,noise_level_15_min_avg,lc_10,rename_column,column_not_lowercase
NoiseLevel15minAvg,LC90,noise_level_15_min_avg,lc_90,rename_column,column_not_lowercase
NoiseLevel15minAvg,LCeq,noise_level_15_min_avg,lceq,rename_column,column_not_lowercase
NoiseLevel15minAvg,LCmax,noise_level_15_min_avg,lcmax,rename_column,column_not_lowercase
NoiseLevel15minAvg,SampleTime,noise_level_15_min_avg,sample_time,rename_column,column_not_lowercase
NoiseLevel15minAvg,SerialId,noise_level_15_min_avg,serial_id,rename_column,column_not_lowercase
NoiseLevel1dayAvg,,noise_level_1_day_avg,,rename_relation,relation_not_lowercase
NoiseLevel1dayAvg,LA10,noise_level_1_day_avg,la_10,rename_column,column_not_lowercase
NoiseLevel1dayAvg,LA90,noise_level_1_day_avg,la_90,rename_column,column_not_lowercase
NoiseLevel1dayAvg,LAeq,noise_level_1_day_avg,laeq,rename_column,column_not_lowercase
NoiseLevel1dayAvg,LAmax,noise_level_1_day_avg,lamax,rename_column,column_not_lowercase
NoiseLevel1dayAvg,LC10,noise_level_1_day_avg,lc_10,rename_column,column_not_lowercase
NoiseLevel1dayAvg,LC90,noise_level_1_day_avg,lc_90,rename_column,column_not_lowercase
NoiseLevel1dayAvg,LCeq,noise_level_1_day_avg,lceq,rename_column,column_not_lowercase
NoiseLevel1dayAvg,LCmax,noise_level_1_day_avg,lcmax,rename_column,column_not_lowercase
NoiseLevel1dayAvg,SampleTime,noise_level_1_day_avg,sample_time,rename_column,column_not_lowercase
NoiseLevel1dayAvg,SerialId,noise_level_1_day_avg,serial_id,rename_column,column_not_lowercase
NoiseLevel1hourAvg,,noise_level_1_hour_avg,,rename_relation,relation_not_lowercase
NoiseLevel1hourAvg,LA10,noise_level_1_hour_avg,la_10,rename_column,column_not_lowercase
NoiseLevel1hourAvg,LA90,noise_level_1_hour_avg,la_90,rename_column,column_not_lowercase
NoiseLevel1hourAvg,LAeq,noise_level_1_hour_avg,laeq,rename_column,column_not_lowercase
NoiseLevel1hourAvg,LAmax,noise_level_1_hour_avg,lamax,rename_column,column_not_lowercase
NoiseLevel1hourAvg,LC10,noise_level_1_hour_avg,lc_10,rename_column,column_not_lowercase
NoiseLevel1hourAvg,LC90,noise_level_1_hour_avg,lc_90,rename_column,column_not_lowercase
NoiseLevel1hourAvg,LCeq,noise_level_1_hour_avg,lceq,rename_column,column_not_lowercase
NoiseLevel1hourAvg,LCmax,noise_level_1_hour_avg,lcmax,rename_column,column_not_lowercase
NoiseLevel1hourAvg,SampleTime,noise_level_1_hour_avg,sample_time,rename_column,column_not_lowercase
NoiseLevel1hourAvg,SerialId,noise_level_1_hour_avg,serial_id,rename_column,column_not_lowercase
NoiseLevelSiteAvg,,noise_level_site_avg,,rename_relation,relation_not_lowercase
NoiseLevelSiteAvg,LA10,noise_level_site_avg,la_10,rename_column,column_not_lowercase
NoiseLevelSiteAvg,LA90,noise_level_site_avg,la_90,rename_column,column_not_lowercase
NoiseLevelSiteAvg,LAeq,noise_level_site_avg,laeq,rename_column,column_not_lowercase
NoiseLevelSiteAvg,LAmax,noise_level_site_avg,lamax,rename_column,column_not_lowercase
NoiseLevelSiteAvg,LC10,noise_level_site_avg,lc_10,rename_column,column_not_lowercase
NoiseLevelSiteAvg,LC90,noise_level_site_avg,lc_90,rename_column,column_not_lowercase
NoiseLevelSiteAvg,LCeq,noise_level_site_avg,lceq,rename_column,column_not_lowercase
NoiseLevelSiteAvg,LCmax,noise_level_site_avg,lcmax,rename_column,column_not_lowercase
NoiseLevelSiteAvg,SampleTime,noise_level_site_avg,sample_time,rename_column,column_not_lowercase
NoiseLevelSiteAvg,SerialId,noise_level_site_avg,serial_id,rename_column,column_not_lowercase
NotificationSearch,,notification_search,,rename_relation,relation_not_lowercase
NotificationSearch,AlertField,notification_search,alert_field,rename_column,column_not_lowercase
NotificationSearch,AlertType,notification_search,alert_type,rename_column,column_not_lowercase
NotificationSearch,ClosedDate,notification_search,closed_date,rename_column,column_not_lowercase
NotificationSearch,ContractId,notification_search,contract_id,rename_column,column_not_lowercase
NotificationSearch,ContractNumber,notification_search,contract_number,rename_column,column_not_lowercase
NotificationSearch,FleetNr,notification_search,fleet_row_count,rename_column,column_not_lowercase
NotificationSearch,Id,notification_search,id,rename_column,column_not_lowercase
NotificationSearch,LastDataTime,notification_search,last_data_time,rename_column,column_not_lowercase
NotificationSearch,Level,notification_search,level,rename_column,column_not_lowercase
NotificationSearch,LimitOn,notification_search,limit_on,rename_column,column_not_lowercase
NotificationSearch,MonitorId,notification_search,monitor_id,rename_column,column_not_lowercase
NotificationSearch,NotificationTime,notification_search,notification_time,rename_column,column_not_lowercase
NotificationSearch,SerialId,notification_search,serial_id,rename_column,column_not_lowercase
NotificationSearch,SiteName,notification_search,site_name,rename_column,column_not_lowercase
NotificationSearch,SiteiD,notification_search,site_id,rename_column,column_not_lowercase
NotificationSearch,TypeOfMonitor,notification_search,type_of_monitor,rename_column,column_not_lowercase
NotificationSettings,,notification_setting,,rename_relation,relation_not_lowercase
NotificationSettings,Email,notification_setting,email,rename_column,column_not_lowercase
NotificationSettings,EndTime,notification_setting,end_time,rename_column,column_not_lowercase
NotificationSettings,Id,notification_setting,id,rename_column,column_not_lowercase;single_column_pk
NotificationSettings,SMS,notification_setting,sms,rename_column,column_not_lowercase
NotificationSettings,SiteId,notification_setting,site_id,rename_column,column_not_lowercase
NotificationSettings,SiteUserId,notification_setting,site_user_id,rename_column,column_not_lowercase;fk_to_site_user
NotificationSettings,StartTime,notification_setting,start_time,rename_column,column_not_lowercase
NotificationSettings,UserId,notification_setting,user_id,rename_column,column_not_lowercase
NotificationUserSearch,,notification_user_search,,rename_relation,relation_not_lowercase
NotificationUserSearch,AlertField,notification_user_search,alert_field,rename_column,column_not_lowercase
NotificationUserSearch,AlertType,notification_user_search,alert_type,rename_column,column_not_lowercase
NotificationUserSearch,ClosedDate,notification_user_search,closed_date,rename_column,column_not_lowercase
NotificationUserSearch,ContractId,notification_user_search,contract_id,rename_column,column_not_lowercase
NotificationUserSearch,ContractNumber,notification_user_search,contract_number,rename_column,column_not_lowercase
NotificationUserSearch,FleetNr,notification_user_search,fleet_row_count,rename_column,column_not_lowercase
NotificationUserSearch,Id,notification_user_search,id,rename_column,column_not_lowercase
NotificationUserSearch,LastDataTime,notification_user_search,last_data_time,rename_column,column_not_lowercase
NotificationUserSearch,Level,notification_user_search,level,rename_column,column_not_lowercase
NotificationUserSearch,LimitOn,notification_user_search,limit_on,rename_column,column_not_lowercase
NotificationUserSearch,MonitorId,notification_user_search,monitor_id,rename_column,column_not_lowercase
NotificationUserSearch,NotificationTime,notification_user_search,notification_time,rename_column,column_not_lowercase
NotificationUserSearch,SerialId,notification_user_search,serial_id,rename_column,column_not_lowercase
NotificationUserSearch,SiteName,notification_user_search,site_name,rename_column,column_not_lowercase
NotificationUserSearch,SiteiD,notification_user_search,site_id,rename_column,column_not_lowercase
NotificationUserSearch,TypeOfMonitor,notification_user_search,type_of_monitor,rename_column,column_not_lowercase
NotificationUserSearch,UserId,notification_user_search,user_id,rename_column,column_not_lowercase
Notifications,,notification,,rename_relation,relation_not_lowercase
Notifications,AlertField,notification,alert_field,rename_column,column_not_lowercase
Notifications,AlertType,notification,alert_type,rename_column,column_not_lowercase
Notifications,AveragingPeriod,notification,averaging_period,rename_column,column_not_lowercase
Notifications,ClosedByUser,notification,closed_by_user,rename_column,column_not_lowercase
Notifications,ClosedNote,notification,closed_note,rename_column,column_not_lowercase
Notifications,ClosedTime,notification,closed_time,rename_column,column_not_lowercase
Notifications,Id,notification,id,rename_column,column_not_lowercase;single_column_pk
Notifications,Level,notification,level,rename_column,column_not_lowercase
Notifications,LimitOn,notification,limit_on,rename_column,column_not_lowercase
Notifications,MonitorId,notification,monitor_id,rename_column,column_not_lowercase
Notifications,NotificationTime,notification,notification_time,rename_column,column_not_lowercase
Notifications,RecordingLink,notification,recording_link,rename_column,column_not_lowercase
NotificationsSent,,notification_sent,,rename_relation,relation_not_lowercase
NotificationsSent,Address,notification_sent,address,rename_column,column_not_lowercase
NotificationsSent,ErrorMessage,notification_sent,error_message,rename_column,column_not_lowercase
NotificationsSent,Id,notification_sent,id,rename_column,column_not_lowercase
NotificationsSent,NotificationId,notification_sent,notification_id,rename_column,column_not_lowercase
NotificationsSent,SendTime,notification_sent,send_time,rename_column,column_not_lowercase
OmnidotsErrorMessages,,omnidots_error_message,,rename_relation,relation_not_lowercase
OmnidotsErrorMessages,Error,omnidots_error_message,error,rename_column,column_not_lowercase
OmnidotsErrorMessages,ErrorTime,omnidots_error_message,error_time,rename_column,column_not_lowercase
OmnidotsErrorMessages,Tag,omnidots_error_message,tag,rename_column,column_not_lowercase
OmnidotsMonitorStatus,,omnidots_monitor_status,,rename_relation,relation_not_lowercase
OmnidotsMonitorStatus,AlarmValue,omnidots_monitor_status,alarm_value,rename_column,column_not_lowercase
OmnidotsMonitorStatus,AtopEnabled,omnidots_monitor_status,atop_enabled,rename_column,column_not_lowercase
OmnidotsMonitorStatus,BuildingLevel,omnidots_monitor_status,building_level,rename_column,column_not_lowercase
OmnidotsMonitorStatus,DataSaveLevel,omnidots_monitor_status,data_save_level,rename_column,column_not_lowercase
OmnidotsMonitorStatus,DisableLed,omnidots_monitor_status,disable_led,rename_column,column_not_lowercase
OmnidotsMonitorStatus,FlatLevel,omnidots_monitor_status,flat_level,rename_column,column_not_lowercase
OmnidotsMonitorStatus,GuideLine,omnidots_monitor_status,guide_line,rename_column,column_not_lowercase
OmnidotsMonitorStatus,Id,omnidots_monitor_status,id,rename_column,column_not_lowercase;single_column_pk
OmnidotsMonitorStatus,LogFlushInterval,omnidots_monitor_status,log_flush_interval,rename_column,column_not_lowercase
OmnidotsMonitorStatus,MeasurementDuration,omnidots_monitor_status,measurement_duration,rename_column,column_not_lowercase
OmnidotsMonitorStatus,SerialId,omnidots_monitor_status,serial_id,rename_column,column_not_lowercase
OmnidotsMonitorStatus,TracePostTrigger,omnidots_monitor_status,trace_post_trigger,rename_column,column_not_lowercase
OmnidotsMonitorStatus,TracePreTrigger,omnidots_monitor_status,trace_pre_trigger,rename_column,column_not_lowercase
OmnidotsMonitorStatus,TraceSaveLevel,omnidots_monitor_status,trace_save_level,rename_column,column_not_lowercase
OmnidotsMonitorStatus,VdvEnabled,omnidots_monitor_status,vdv_enabled,rename_column,column_not_lowercase
OmnidotsMonitorStatus,VdvPeriod,omnidots_monitor_status,vdv_period,rename_column,column_not_lowercase
OmnidotsMonitorStatus,VdvX,omnidots_monitor_status,vdv_x,rename_column,column_not_lowercase
OmnidotsMonitorStatus,VdvY,omnidots_monitor_status,vdv_y,rename_column,column_not_lowercase
OmnidotsMonitorStatus,VdvZ,omnidots_monitor_status,vdv_z,rename_column,column_not_lowercase
OmnidotsMonitorStatus,VectorEnabled,omnidots_monitor_status,vector_enabled,rename_column,column_not_lowercase
OmnidotsMonitorStatus,VtopEnabled,omnidots_monitor_status,vtop_enabled,rename_column,column_not_lowercase
OmnidotsPeakLevel15min,,omnidots_peak_level_15_min,,rename_relation,relation_not_lowercase
OmnidotsPeakLevel15min,SampleTime,omnidots_peak_level_15_min,sample_time,rename_column,column_not_lowercase
OmnidotsPeakLevel15min,SerialId,omnidots_peak_level_15_min,serial_id,rename_column,column_not_lowercase
OmnidotsPeakLevel15min,XVtop,omnidots_peak_level_15_min,x_vtop,rename_column,column_not_lowercase
OmnidotsPeakLevel15min,YVtop,omnidots_peak_level_15_min,y_vtop,rename_column,column_not_lowercase
OmnidotsPeakLevel15min,ZVtop,omnidots_peak_level_15_min,z_vtop,rename_column,column_not_lowercase
OmnidotsPeakLevel1dayPeak,,omnidots_peak_level_1_day_peak,,rename_relation,relation_not_lowercase
OmnidotsPeakLevel1dayPeak,SampleTime,omnidots_peak_level_1_day_peak,sample_time,rename_column,column_not_lowercase
OmnidotsPeakLevel1dayPeak,SerialId,omnidots_peak_level_1_day_peak,serial_id,rename_column,column_not_lowercase
OmnidotsPeakLevel1dayPeak,XVtop,omnidots_peak_level_1_day_peak,x_vtop,rename_column,column_not_lowercase
OmnidotsPeakLevel1dayPeak,YVtop,omnidots_peak_level_1_day_peak,y_vtop,rename_column,column_not_lowercase
OmnidotsPeakLevel1dayPeak,ZVtop,omnidots_peak_level_1_day_peak,z_vtop,rename_column,column_not_lowercase
OmnidotsPeakLevel1min,,omnidots_peak_level_1_min,,rename_relation,relation_not_lowercase
OmnidotsPeakLevel1min,SampleTime,omnidots_peak_level_1_min,sample_time,rename_column,column_not_lowercase
OmnidotsPeakLevel1min,SerialId,omnidots_peak_level_1_min,serial_id,rename_column,column_not_lowercase
OmnidotsPeakLevel1min,XVtop,omnidots_peak_level_1_min,x_vtop,rename_column,column_not_lowercase
OmnidotsPeakLevel1min,YVtop,omnidots_peak_level_1_min,y_vtop,rename_column,column_not_lowercase
OmnidotsPeakLevel1min,ZVtop,omnidots_peak_level_1_min,z_vtop,rename_column,column_not_lowercase
OmnidotsPeakLevel20min,,omnidots_peak_level_20_min,,rename_relation,relation_not_lowercase
OmnidotsPeakLevel20min,SampleTime,omnidots_peak_level_20_min,sample_time,rename_column,column_not_lowercase
OmnidotsPeakLevel20min,SerialId,omnidots_peak_level_20_min,serial_id,rename_column,column_not_lowercase
OmnidotsPeakLevel20min,XVtop,omnidots_peak_level_20_min,x_vtop,rename_column,column_not_lowercase
OmnidotsPeakLevel20min,YVtop,omnidots_peak_level_20_min,y_vtop,rename_column,column_not_lowercase
OmnidotsPeakLevel20min,ZVtop,omnidots_peak_level_20_min,z_vtop,rename_column,column_not_lowercase
OmnidotsPeakLevel5min,,omnidots_peak_level_5_min,,rename_relation,relation_not_lowercase
OmnidotsPeakLevel5min,SampleTime,omnidots_peak_level_5_min,sample_time,rename_column,column_not_lowercase
OmnidotsPeakLevel5min,SerialId,omnidots_peak_level_5_min,serial_id,rename_column,column_not_lowercase
OmnidotsPeakLevel5min,XVtop,omnidots_peak_level_5_min,x_vtop,rename_column,column_not_lowercase
OmnidotsPeakLevel5min,YVtop,omnidots_peak_level_5_min,y_vtop,rename_column,column_not_lowercase
OmnidotsPeakLevel5min,ZVtop,omnidots_peak_level_5_min,z_vtop,rename_column,column_not_lowercase
OmnidotsPeakLevels,,omnidots_peak_level,,rename_relation,relation_not_lowercase
OmnidotsPeakLevels,SampleTime,omnidots_peak_level,sample_time,rename_column,column_not_lowercase
OmnidotsPeakLevels,SerialId,omnidots_peak_level,serial_id,rename_column,column_not_lowercase
OmnidotsPeakLevels,XFdom,omnidots_peak_level,x_fdom,rename_column,column_not_lowercase
OmnidotsPeakLevels,XVtop,omnidots_peak_level,x_vtop,rename_column,column_not_lowercase
OmnidotsPeakLevels,XVtopOverflow,omnidots_peak_level,x_vtop_overflow,rename_column,column_not_lowercase
OmnidotsPeakLevels,YFdom,omnidots_peak_level,y_fdom,rename_column,column_not_lowercase
OmnidotsPeakLevels,YVtop,omnidots_peak_level,y_vtop,rename_column,column_not_lowercase
OmnidotsPeakLevels,YVtopOverflow,omnidots_peak_level,y_vtop_overflow,rename_column,column_not_lowercase
OmnidotsPeakLevels,ZFdom,omnidots_peak_level,z_fdom,rename_column,column_not_lowercase
OmnidotsPeakLevels,ZVtop,omnidots_peak_level,z_vtop,rename_column,column_not_lowercase
OmnidotsPeakLevels,ZVtopOverflow,omnidots_peak_level,z_vtop_overflow,rename_column,column_not_lowercase
OmnidotsSensors,,omnidots_sensor,,rename_relation,relation_not_lowercase
OmnidotsSensors,BatteryCharge,omnidots_sensor,battery_charge,rename_column,column_not_lowercase
OmnidotsSensors,ConnectedUsing,omnidots_sensor,connected_using,rename_column,column_not_lowercase
OmnidotsSensors,Id,omnidots_sensor,id,rename_column,column_not_lowercase;single_column_pk
OmnidotsSensors,Lastseen,omnidots_sensor,lastseen,rename_column,column_not_lowercase
OmnidotsSensors,Name,omnidots_sensor,name,rename_column,column_not_lowercase
OmnidotsSensors,Online,omnidots_sensor,online,rename_column,column_not_lowercase
OmnidotsSensors,SerialId,omnidots_sensor,serial_id,rename_column,column_not_lowercase
OmnidotsTraces,,omnidots_trace,,rename_relation,relation_not_lowercase
OmnidotsTraces,TraceId,omnidots_trace,omnidots_trace_index_id,rename_column,column_not_lowercase;fk_to_omnidots_trace_index
OmnidotsTraces,X,omnidots_trace,x,rename_column,column_not_lowercase
OmnidotsTraces,Y,omnidots_trace,y,rename_column,column_not_lowercase
OmnidotsTraces,Z,omnidots_trace,z,rename_column,column_not_lowercase
OmnidotsTracesIndex,,omnidots_trace_index,,rename_relation,relation_not_lowercase
OmnidotsTracesIndex,EndTime,omnidots_trace_index,end_time,rename_column,column_not_lowercase
OmnidotsTracesIndex,Id,omnidots_trace_index,id,rename_column,column_not_lowercase;single_column_pk
OmnidotsTracesIndex,SerialId,omnidots_trace_index,serial_id,rename_column,column_not_lowercase
OmnidotsTracesIndex,StartTime,omnidots_trace_index,start_time,rename_column,column_not_lowercase
OmnidotsVdvLevels,,omnidots_vdv_level,,rename_relation,relation_not_lowercase
OmnidotsVdvLevels,SampleTime,omnidots_vdv_level,sample_time,rename_column,column_not_lowercase
OmnidotsVdvLevels,SerialId,omnidots_vdv_level,serial_id,rename_column,column_not_lowercase
OmnidotsVdvLevels,VdvX,omnidots_vdv_level,vdv_x,rename_column,column_not_lowercase
OmnidotsVdvLevels,VdvY,omnidots_vdv_level,vdv_y,rename_column,column_not_lowercase
OmnidotsVdvLevels,VdvZ,omnidots_vdv_level,vdv_z,rename_column,column_not_lowercase
OmnidotsVdvLevels,X,omnidots_vdv_level,x,rename_column,column_not_lowercase
OmnidotsVdvLevels,Y,omnidots_vdv_level,y,rename_column,column_not_lowercase
OmnidotsVdvLevels,Z,omnidots_vdv_level,z,rename_column,column_not_lowercase
OmnidotsVeffLevels,,omnidots_veff_level,,rename_relation,relation_not_lowercase
OmnidotsVeffLevels,SampleTime,omnidots_veff_level,sample_time,rename_column,column_not_lowercase
OmnidotsVeffLevels,SerialId,omnidots_veff_level,serial_id,rename_column,column_not_lowercase
OmnidotsVeffLevels,X,omnidots_veff_level,x,rename_column,column_not_lowercase
OmnidotsVeffLevels,Y,omnidots_veff_level,y,rename_column,column_not_lowercase
OmnidotsVeffLevels,Z,omnidots_veff_level,z,rename_column,column_not_lowercase
ReportRuleSearch,,report_rule_search,,rename_relation,relation_not_lowercase
ReportRuleSearch,DayOfMonth,report_rule_search,day_of_month,rename_column,column_not_lowercase
ReportRuleSearch,DayOfWeek,report_rule_search,day_of_week,rename_column,column_not_lowercase
ReportRuleSearch,Frequency,report_rule_search,frequency,rename_column,column_not_lowercase
ReportRuleSearch,Id,report_rule_search,id,rename_column,column_not_lowercase
ReportRuleSearch,LastGenerated,report_rule_search,last_generated,rename_column,column_not_lowercase
ReportRuleSearch,ReportName,report_rule_search,report_name,rename_column,column_not_lowercase
ReportRuleSearch,SiteId,report_rule_search,site_id,rename_column,column_not_lowercase
ReportRuleSearch,SiteName,report_rule_search,site_name,rename_column,column_not_lowercase
ReportRuleUserSearch,,report_rule_user_search,,rename_relation,relation_not_lowercase
ReportRuleUserSearch,DayOfMonth,report_rule_user_search,day_of_month,rename_column,column_not_lowercase
ReportRuleUserSearch,DayOfWeek,report_rule_user_search,day_of_week,rename_column,column_not_lowercase
ReportRuleUserSearch,Frequency,report_rule_user_search,frequency,rename_column,column_not_lowercase
ReportRuleUserSearch,Id,report_rule_user_search,id,rename_column,column_not_lowercase
ReportRuleUserSearch,LastGenerated,report_rule_user_search,last_generated,rename_column,column_not_lowercase
ReportRuleUserSearch,ReportName,report_rule_user_search,report_name,rename_column,column_not_lowercase
ReportRuleUserSearch,SiteId,report_rule_user_search,site_id,rename_column,column_not_lowercase
ReportRuleUserSearch,SiteName,report_rule_user_search,site_name,rename_column,column_not_lowercase
ReportRuleUserSearch,UserId,report_rule_user_search,user_id,rename_column,column_not_lowercase
ReportRules,,report_rule,,rename_relation,relation_not_lowercase
ReportRules,DayOfMonth,report_rule,day_of_month,rename_column,column_not_lowercase
ReportRules,DayOfWeek,report_rule,day_of_week,rename_column,column_not_lowercase
ReportRules,Deleted,report_rule,deleted,rename_column,column_not_lowercase
ReportRules,Frequency,report_rule,frequency,rename_column,column_not_lowercase
ReportRules,Id,report_rule,id,rename_column,column_not_lowercase;single_column_pk
ReportRules,LastGenerated,report_rule,last_generated,rename_column,column_not_lowercase
ReportRules,ReportName,report_rule,report_name,rename_column,column_not_lowercase
ReportRules,SiteId,report_rule,site_id,rename_column,column_not_lowercase
ReportRules,UserId,report_rule,user_id,rename_column,column_not_lowercase
ReportSearch,,report_search,,rename_relation,relation_not_lowercase
ReportSearch,Deleted,report_search,deleted,rename_column,column_not_lowercase
ReportSearch,Frequency,report_search,frequency,rename_column,column_not_lowercase
ReportSearch,Id,report_search,id,rename_column,column_not_lowercase
ReportSearch,ReportDate,report_search,report_date,rename_column,column_not_lowercase
ReportSearch,ReportFrom,report_search,report_from,rename_column,column_not_lowercase
ReportSearch,ReportLink,report_search,report_link,rename_column,column_not_lowercase
ReportSearch,ReportName,report_search,report_name,rename_column,column_not_lowercase
ReportSearch,ReportRuleId,report_search,report_rule_id,rename_column,column_not_lowercase
ReportSearch,ReportTo,report_search,report_to,rename_column,column_not_lowercase
ReportSearch,SiteId,report_search,site_id,rename_column,column_not_lowercase
ReportSearch,SiteName,report_search,site_name,rename_column,column_not_lowercase
ReportUserSearch,,report_user_search,,rename_relation,relation_not_lowercase
ReportUserSearch,Deleted,report_user_search,deleted,rename_column,column_not_lowercase
ReportUserSearch,Frequency,report_user_search,frequency,rename_column,column_not_lowercase
ReportUserSearch,Id,report_user_search,id,rename_column,column_not_lowercase
ReportUserSearch,ReportDate,report_user_search,report_date,rename_column,column_not_lowercase
ReportUserSearch,ReportFrom,report_user_search,report_from,rename_column,column_not_lowercase
ReportUserSearch,ReportLink,report_user_search,report_link,rename_column,column_not_lowercase
ReportUserSearch,ReportName,report_user_search,report_name,rename_column,column_not_lowercase
ReportUserSearch,ReportRuleId,report_user_search,report_rule_id,rename_column,column_not_lowercase
ReportUserSearch,ReportTo,report_user_search,report_to,rename_column,column_not_lowercase
ReportUserSearch,SiteId,report_user_search,site_id,rename_column,column_not_lowercase
ReportUserSearch,SiteName,report_user_search,site_name,rename_column,column_not_lowercase
ReportUserSearch,UserId,report_user_search,user_id,rename_column,column_not_lowercase
ReportUsers,,report_user,,rename_relation,relation_not_lowercase
ReportUsers,Id,report_user,id,rename_column,column_not_lowercase;single_column_pk
ReportUsers,ReportRuleId,report_user,report_rule_id,rename_column,column_not_lowercase
ReportUsers,UserId,report_user,user_id,rename_column,column_not_lowercase
Reports,,report,,rename_relation,relation_not_lowercase
Reports,Frequency,report,frequency,rename_column,column_not_lowercase
Reports,Id,report,id,rename_column,column_not_lowercase;single_column_pk
Reports,ReportDate,report,report_date,rename_column,column_not_lowercase
Reports,ReportFrom,report,report_from,rename_column,column_not_lowercase
Reports,ReportLink,report,report_link,rename_column,column_not_lowercase
Reports,ReportRuleId,report,report_rule_id,rename_column,column_not_lowercase
Reports,ReportTo,report,report_to,rename_column,column_not_lowercase
Reports,SiteId,report,site_id,rename_column,column_not_lowercase
ReportsErrorMessages,,report_error_message,,rename_relation,relation_not_lowercase
ReportsErrorMessages,Error,report_error_message,error,rename_column,column_not_lowercase
ReportsErrorMessages,ErrorTime,report_error_message,error_time,rename_column,column_not_lowercase
ReportsErrorMessages,Tag,report_error_message,tag,rename_column,column_not_lowercase
ReportsSent,,report_sent,,rename_relation,relation_not_lowercase
ReportsSent,Address,report_sent,address,rename_column,column_not_lowercase
ReportsSent,ErrorMessage,report_sent,error_message,rename_column,column_not_lowercase
ReportsSent,Id,report_sent,id,rename_column,column_not_lowercase;single_column_pk
ReportsSent,ReportId,report_sent,report_id,rename_column,column_not_lowercase
ReportsSent,SendTime,report_sent,send_time,rename_column,column_not_lowercase
RvtAlertRules,,rvt_alert_rule,,rename_relation,relation_not_lowercase
RvtAlertRules,Accessed,rvt_alert_rule,accessed,rename_column,column_not_lowercase
RvtAlertRules,AlertField,rvt_alert_rule,alert_field,rename_column,column_not_lowercase
RvtAlertRules,AlertType,rvt_alert_rule,alert_type,rename_column,column_not_lowercase
RvtAlertRules,AveragingPeriod,rvt_alert_rule,averaging_period,rename_column,column_not_lowercase
RvtAlertRules,Created,rvt_alert_rule,created,rename_column,column_not_lowercase
RvtAlertRules,EndTime,rvt_alert_rule,end_time,rename_column,column_not_lowercase
RvtAlertRules,Id,rvt_alert_rule,id,rename_column,column_not_lowercase;single_column_pk
RvtAlertRules,IsActive,rvt_alert_rule,is_active,rename_column,column_not_lowercase
RvtAlertRules,IsDeleted,rvt_alert_rule,is_deleted,rename_column,column_not_lowercase
RvtAlertRules,LimitOff,rvt_alert_rule,limit_off,rename_column,column_not_lowercase
RvtAlertRules,LimitOn,rvt_alert_rule,limit_on,rename_column,column_not_lowercase
RvtAlertRules,MonitorId,rvt_alert_rule,monitor_id,rename_column,column_not_lowercase;fk_to_monitor
RvtAlertRules,Saturdays,rvt_alert_rule,saturdays,rename_column,column_not_lowercase
RvtAlertRules,SerialId,rvt_alert_rule,serial_id,rename_column,column_not_lowercase
RvtAlertRules,StartTime,rvt_alert_rule,start_time,rename_column,column_not_lowercase
RvtAlertRules,Sundays,rvt_alert_rule,sundays,rename_column,column_not_lowercase
RvtAlertRules,Weekdays,rvt_alert_rule,weekdays,rename_column,column_not_lowercase
SiteArchived,,site_archived,,rename_relation,relation_not_lowercase
SiteArchived,CreateDate,site_archived,create_date,rename_column,column_not_lowercase
SiteArchived,CreatedBy,site_archived,created_by,rename_column,column_not_lowercase
SiteArchived,Id,site_archived,id,rename_column,column_not_lowercase;single_column_pk
SiteArchived,PictureLink,site_archived,picture_link,rename_column,column_not_lowercase
SiteArchived,SiteId,site_archived,site_id,rename_column,column_not_lowercase;fk_to_site
SiteAverages,,site_average,,rename_relation,relation_not_lowercase
SiteAverages,CollectionTime,site_average,collection_time,rename_column,column_not_lowercase
SiteAverages,Field,site_average,field,rename_column,column_not_lowercase
SiteAverages,Id,site_average,id,rename_column,column_not_lowercase
SiteAverages,Level,site_average,level,rename_column,column_not_lowercase
SiteAverages,MonitorId,site_average,monitor_id,rename_column,column_not_lowercase
SiteAverages,SiteId,site_average,site_id,rename_column,column_not_lowercase
SiteOperatingHours,,site_operating_hour,,rename_relation,relation_not_lowercase
SiteOperatingHours,DayOfWeek,site_operating_hour,day_of_week,rename_column,column_not_lowercase
SiteOperatingHours,EndTime,site_operating_hour,end_time,rename_column,column_not_lowercase
SiteOperatingHours,Id,site_operating_hour,id,rename_column,column_not_lowercase;single_column_pk
SiteOperatingHours,IsClosed,site_operating_hour,is_closed,rename_column,column_not_lowercase
SiteOperatingHours,SiteId,site_operating_hour,site_id,rename_column,column_not_lowercase;fk_to_site
SiteOperatingHours,StartTime,site_operating_hour,start_time,rename_column,column_not_lowercase
SiteSearch,,site_search,,rename_relation,relation_not_lowercase
SiteSearch,AddressLine1,site_search,address_line_1,rename_column,column_not_lowercase
SiteSearch,AddressLine2,site_search,address_line_2,rename_column,column_not_lowercase
SiteSearch,Archived,site_search,archived,rename_column,column_not_lowercase
SiteSearch,City,site_search,city,rename_column,column_not_lowercase
SiteSearch,CompanyId,site_search,company_id,rename_column,column_not_lowercase
SiteSearch,CompanyName,site_search,company_name,rename_column,column_not_lowercase
SiteSearch,County,site_search,county,rename_column,column_not_lowercase
SiteSearch,CreateDate,site_search,create_date,rename_column,column_not_lowercase
SiteSearch,Id,site_search,id,rename_column,column_not_lowercase
SiteSearch,Postcode,site_search,postcode,rename_column,column_not_lowercase
SiteSearch,SiteContact,site_search,site_contact,rename_column,column_not_lowercase
SiteSearch,SiteName,site_search,site_name,rename_column,column_not_lowercase
SiteSearch,siteAddress,site_search,site_address,rename_column,column_not_lowercase
SiteUserSearch,,site_user_search,,rename_relation,relation_not_lowercase
SiteUserSearch,AddressLine1,site_user_search,address_line_1,rename_column,column_not_lowercase
SiteUserSearch,AddressLine2,site_user_search,address_line_2,rename_column,column_not_lowercase
SiteUserSearch,Archived,site_user_search,archived,rename_column,column_not_lowercase
SiteUserSearch,City,site_user_search,city,rename_column,column_not_lowercase
SiteUserSearch,CompanyName,site_user_search,company_name,rename_column,column_not_lowercase
SiteUserSearch,County,site_user_search,county,rename_column,column_not_lowercase
SiteUserSearch,CreateDate,site_user_search,create_date,rename_column,column_not_lowercase
SiteUserSearch,Id,site_user_search,id,rename_column,column_not_lowercase
SiteUserSearch,Postcode,site_user_search,postcode,rename_column,column_not_lowercase
SiteUserSearch,SiteContact,site_user_search,site_contact,rename_column,column_not_lowercase
SiteUserSearch,SiteName,site_user_search,site_name,rename_column,column_not_lowercase
SiteUserSearch,UserId,site_user_search,user_id,rename_column,column_not_lowercase
SiteUserSearch,siteAddress,site_user_search,site_address,rename_column,column_not_lowercase
SiteUsers,,site_user,,rename_relation,relation_not_lowercase
SiteUsers,EndDate,site_user,end_date,rename_column,column_not_lowercase
SiteUsers,Id,site_user,id,rename_column,column_not_lowercase;single_column_pk
SiteUsers,SiteContact,site_user,site_contact,rename_column,column_not_lowercase
SiteUsers,SiteId,site_user,site_id,rename_column,column_not_lowercase;fk_to_site
SiteUsers,StartDate,site_user,start_date,rename_column,column_not_lowercase
SiteUsers,UserId,site_user,user_id,rename_column,column_not_lowercase
Sites,,site,,rename_relation,relation_not_lowercase
Sites,AddressLine1,site,address_line_1,rename_column,column_not_lowercase
Sites,AddressLine2,site,address_line_2,rename_column,column_not_lowercase
Sites,Archived,site,archived,rename_column,column_not_lowercase
Sites,City,site,city,rename_column,column_not_lowercase
Sites,County,site,county,rename_column,column_not_lowercase
Sites,CreateDate,site,create_date,rename_column,column_not_lowercase
Sites,EndTime,site,end_time,rename_column,column_not_lowercase
Sites,Id,site,id,rename_column,column_not_lowercase;single_column_pk
Sites,Postcode,site,postcode,rename_column,column_not_lowercase
Sites,SatEndTime,site,sat_end_time,rename_column,column_not_lowercase
Sites,SatStartTime,site,sat_start_time,rename_column,column_not_lowercase
Sites,SiteName,site,site_name,rename_column,column_not_lowercase
Sites,StartTime,site,start_time,rename_column,column_not_lowercase
Sites,SunEndTime,site,sun_end_time,rename_column,column_not_lowercase
Sites,SunStartTime,site,sun_start_time,rename_column,column_not_lowercase
SvantekMonitorStatus,,svantek_monitor_status,,rename_relation,relation_not_lowercase
SvantekMonitorStatus,ErrorCount,svantek_monitor_status,error_count,rename_column,column_not_lowercase
SvantekMonitorStatus,SerialId,svantek_monitor_status,serial_id,rename_column,column_not_lowercase
SvantekNoise8HourAverage,,svantek_noise_8_hour_average,,rename_relation,relation_not_lowercase
SvantekNoise8HourAverage,LA10,svantek_noise_8_hour_average,la_10,rename_column,column_not_lowercase
SvantekNoise8HourAverage,LA90,svantek_noise_8_hour_average,la_90,rename_column,column_not_lowercase
SvantekNoise8HourAverage,LAeq,svantek_noise_8_hour_average,laeq,rename_column,column_not_lowercase
SvantekNoise8HourAverage,LAmax,svantek_noise_8_hour_average,lamax,rename_column,column_not_lowercase
SvantekNoise8HourAverage,LC10,svantek_noise_8_hour_average,lc_10,rename_column,column_not_lowercase
SvantekNoise8HourAverage,LC90,svantek_noise_8_hour_average,lc_90,rename_column,column_not_lowercase
SvantekNoise8HourAverage,LCeq,svantek_noise_8_hour_average,lceq,rename_column,column_not_lowercase
SvantekNoise8HourAverage,LCmax,svantek_noise_8_hour_average,lcmax,rename_column,column_not_lowercase
SvantekNoise8HourAverage,NumberOfSamples,svantek_noise_8_hour_average,number_of_samples,rename_column,column_not_lowercase
SvantekNoise8HourAverage,SampleTime,svantek_noise_8_hour_average,sample_time,rename_column,column_not_lowercase
SvantekNoise8HourAverage,SerialId,svantek_noise_8_hour_average,serial_id,rename_column,column_not_lowercase
SvantekNoiseLevels,,svantek_noise_level,,rename_relation,relation_not_lowercase
SvantekNoiseLevels,LA10,svantek_noise_level,la_10,rename_column,column_not_lowercase
SvantekNoiseLevels,LA90,svantek_noise_level,la_90,rename_column,column_not_lowercase
SvantekNoiseLevels,LAeq,svantek_noise_level,laeq,rename_column,column_not_lowercase
SvantekNoiseLevels,LAmax,svantek_noise_level,lamax,rename_column,column_not_lowercase
SvantekNoiseLevels,LC10,svantek_noise_level,lc_10,rename_column,column_not_lowercase
SvantekNoiseLevels,LC90,svantek_noise_level,lc_90,rename_column,column_not_lowercase
SvantekNoiseLevels,LCeq,svantek_noise_level,lceq,rename_column,column_not_lowercase
SvantekNoiseLevels,LCmax,svantek_noise_level,lcmax,rename_column,column_not_lowercase
SvantekNoiseLevels,SampleTime,svantek_noise_level,sample_time,rename_column,column_not_lowercase
SvantekNoiseLevels,SerialId,svantek_noise_level,serial_id,rename_column,column_not_lowercase
UserActionsHistory,,user_action_history,,rename_relation,relation_not_lowercase
UserActionsHistory,Completed,user_action_history,completed,rename_column,column_not_lowercase
UserActionsHistory,Controller,user_action_history,controller,rename_column,column_not_lowercase
UserActionsHistory,ControllerAction,user_action_history,controller_action,rename_column,column_not_lowercase
UserActionsHistory,FormData,user_action_history,form_data,rename_column,column_not_lowercase
UserActionsHistory,ID,user_action_history,id,rename_column,column_not_lowercase
UserActionsHistory,Parameters,user_action_history,parameters,rename_column,column_not_lowercase
UserActionsHistory,Timestamp,user_action_history,recorded_at,rename_column,column_not_lowercase;data_type_name_renamed
UserActionsHistory,UserName,user_action_history,user_name,rename_column,column_not_lowercase
UserSearch,,user_search,,rename_relation,relation_not_lowercase
UserSearch,AccessFailedCount,user_search,access_failed_count,rename_column,column_not_lowercase
UserSearch,CompanyId,user_search,company_id,rename_column,column_not_lowercase
UserSearch,CompanyName,user_search,company_name,rename_column,column_not_lowercase
UserSearch,CompanyRole,user_search,company_role,rename_column,column_not_lowercase
UserSearch,ConcurrencyStamp,user_search,concurrency_stamp,rename_column,column_not_lowercase
UserSearch,Email,user_search,email,rename_column,column_not_lowercase
UserSearch,EmailConfirmed,user_search,email_confirmed,rename_column,column_not_lowercase
UserSearch,Id,user_search,id,rename_column,column_not_lowercase
UserSearch,IsDisabled,user_search,is_disabled,rename_column,column_not_lowercase
UserSearch,LockoutEnabled,user_search,lockout_enabled,rename_column,column_not_lowercase
UserSearch,LockoutEnd,user_search,lockout_end,rename_column,column_not_lowercase
UserSearch,Name,user_search,name,rename_column,column_not_lowercase
UserSearch,NormalizedUserName,user_search,normalized_user_name,rename_column,column_not_lowercase
UserSearch,NrSites,user_search,row_count_sites,rename_column,column_not_lowercase
UserSearch,PhoneNumber,user_search,phone_number,rename_column,column_not_lowercase
UserSearch,PhoneNumberConfirmed,user_search,phone_number_confirmed,rename_column,column_not_lowercase
UserSearch,Role,user_search,role,rename_column,column_not_lowercase
UserSearch,TwoFactorEnabled,user_search,two_factor_enabled,rename_column,column_not_lowercase
UserSearch,UserName,user_search,user_name,rename_column,column_not_lowercase
UsersForReportSearch,,users_for_report_search,,rename_relation,relation_not_lowercase
UsersForReportSearch,AccessFailedCount,users_for_report_search,access_failed_count,rename_column,column_not_lowercase
UsersForReportSearch,CompanyId,users_for_report_search,company_id,rename_column,column_not_lowercase
UsersForReportSearch,CompanyName,users_for_report_search,company_name,rename_column,column_not_lowercase
UsersForReportSearch,CompanyRole,users_for_report_search,company_role,rename_column,column_not_lowercase
UsersForReportSearch,ConcurrencyStamp,users_for_report_search,concurrency_stamp,rename_column,column_not_lowercase
UsersForReportSearch,Email,users_for_report_search,email,rename_column,column_not_lowercase
UsersForReportSearch,EmailConfirmed,users_for_report_search,email_confirmed,rename_column,column_not_lowercase
UsersForReportSearch,Id,users_for_report_search,id,rename_column,column_not_lowercase
UsersForReportSearch,IsDisabled,users_for_report_search,is_disabled,rename_column,column_not_lowercase
UsersForReportSearch,LockoutEnabled,users_for_report_search,lockout_enabled,rename_column,column_not_lowercase
UsersForReportSearch,LockoutEnd,users_for_report_search,lockout_end,rename_column,column_not_lowercase
UsersForReportSearch,Name,users_for_report_search,name,rename_column,column_not_lowercase
UsersForReportSearch,NormalizedUserName,users_for_report_search,normalized_user_name,rename_column,column_not_lowercase
UsersForReportSearch,PhoneNumber,users_for_report_search,phone_number,rename_column,column_not_lowercase
UsersForReportSearch,PhoneNumberConfirmed,users_for_report_search,phone_number_confirmed,rename_column,column_not_lowercase
UsersForReportSearch,ReportRuleId,users_for_report_search,report_rule_id,rename_column,column_not_lowercase
UsersForReportSearch,Role,users_for_report_search,role,rename_column,column_not_lowercase
UsersForReportSearch,TwoFactorEnabled,users_for_report_search,two_factor_enabled,rename_column,column_not_lowercase
UsersForReportSearch,UserName,users_for_report_search,user_name,rename_column,column_not_lowercase
UsersForSiteSearch,,users_for_site_search,,rename_relation,relation_not_lowercase
UsersForSiteSearch,AccessFailedCount,users_for_site_search,access_failed_count,rename_column,column_not_lowercase
UsersForSiteSearch,CompanyId,users_for_site_search,company_id,rename_column,column_not_lowercase
UsersForSiteSearch,CompanyName,users_for_site_search,company_name,rename_column,column_not_lowercase
UsersForSiteSearch,CompanyRole,users_for_site_search,company_role,rename_column,column_not_lowercase
UsersForSiteSearch,ConcurrencyStamp,users_for_site_search,concurrency_stamp,rename_column,column_not_lowercase
UsersForSiteSearch,Email,users_for_site_search,email,rename_column,column_not_lowercase
UsersForSiteSearch,EmailConfirmed,users_for_site_search,email_confirmed,rename_column,column_not_lowercase
UsersForSiteSearch,Id,users_for_site_search,id,rename_column,column_not_lowercase
UsersForSiteSearch,IsDisabled,users_for_site_search,is_disabled,rename_column,column_not_lowercase
UsersForSiteSearch,LockoutEnabled,users_for_site_search,lockout_enabled,rename_column,column_not_lowercase
UsersForSiteSearch,LockoutEnd,users_for_site_search,lockout_end,rename_column,column_not_lowercase
UsersForSiteSearch,Name,users_for_site_search,name,rename_column,column_not_lowercase
UsersForSiteSearch,NormalizedUserName,users_for_site_search,normalized_user_name,rename_column,column_not_lowercase
UsersForSiteSearch,NrSites,users_for_site_search,row_count_sites,rename_column,column_not_lowercase
UsersForSiteSearch,PhoneNumber,users_for_site_search,phone_number,rename_column,column_not_lowercase
UsersForSiteSearch,PhoneNumberConfirmed,users_for_site_search,phone_number_confirmed,rename_column,column_not_lowercase
UsersForSiteSearch,Role,users_for_site_search,role,rename_column,column_not_lowercase
UsersForSiteSearch,SiteContact,users_for_site_search,site_contact,rename_column,column_not_lowercase
UsersForSiteSearch,SiteId,users_for_site_search,site_id,rename_column,column_not_lowercase
UsersForSiteSearch,TwoFactorEnabled,users_for_site_search,two_factor_enabled,rename_column,column_not_lowercase
UsersForSiteSearch,UserName,users_for_site_search,user_name,rename_column,column_not_lowercase
