provider,object_type,current_schema,current_relation,current_object,current_columns,new_schema,new_relation,new_object,new_columns,change_type,notes
postgres,primary_key,public,AirQMonitorStatus,PK__AirQMoni__5E5B3EE492A9E513,SerialId,public,air_q_monitor_status,pk_air_q_monitor_status,id,rename_object,
postgres,index,public,AirQNoise8HourAverage,AirQNoise8HourAverage_SampleTime_idx,SampleTime,public,air_q_noise_8_hour_average,ix_air_q_noise_8_hour_average_sample_time,sample_time,rename_object,
postgres,index,public,AirQNoiseLevels,AirQNoiseLevels_SampleTime_idx,SampleTime,public,air_q_noise_level,ix_air_q_noise_level_sample_time,sample_time,rename_object,
postgres,foreign_key,public,AspNetRoleClaims,FK_AspNetRoleClaims_AspNetRoles_RoleId,RoleId,public,AspNetRoleClaims,FK_AspNetRoleClaims_AspNetRoles_RoleId,RoleId,no_change,identity_excluded
postgres,primary_key,public,AspNetRoleClaims,PK_AspNetRoleClaims,Id,public,AspNetRoleClaims,PK_AspNetRoleClaims,Id,no_change,identity_excluded
postgres,primary_key,public,AspNetRoles,PK_AspNetRoles,Id,public,AspNetRoles,PK_AspNetRoles,Id,no_change,identity_excluded
postgres,foreign_key,public,AspNetUserClaims,FK_AspNetUserClaims_AspNetUsers_UserId,UserId,public,AspNetUserClaims,FK_AspNetUserClaims_AspNetUsers_UserId,UserId,no_change,identity_excluded
postgres,primary_key,public,AspNetUserClaims,PK_AspNetUserClaims,Id,public,AspNetUserClaims,PK_AspNetUserClaims,Id,no_change,identity_excluded
postgres,foreign_key,public,AspNetUserLogins,FK_AspNetUserLogins_AspNetUsers_UserId,UserId,public,AspNetUserLogins,FK_AspNetUserLogins_AspNetUsers_UserId,UserId,no_change,identity_excluded
postgres,primary_key,public,AspNetUserLogins,PK_AspNetUserLogins,LoginProvider|ProviderKey,public,AspNetUserLogins,PK_AspNetUserLogins,LoginProvider|ProviderKey,no_change,identity_excluded
postgres,foreign_key,public,AspNetUserRoles,FK_AspNetUserRoles_AspNetRoles_RoleId,RoleId,public,AspNetUserRoles,FK_AspNetUserRoles_AspNetRoles_RoleId,RoleId,no_change,identity_excluded
postgres,foreign_key,public,AspNetUserRoles,FK_AspNetUserRoles_AspNetUsers_UserId,UserId,public,AspNetUserRoles,FK_AspNetUserRoles_AspNetUsers_UserId,UserId,no_change,identity_excluded
postgres,primary_key,public,AspNetUserRoles,PK_AspNetUserRoles,UserId|RoleId,public,AspNetUserRoles,PK_AspNetUserRoles,UserId|RoleId,no_change,identity_excluded
postgres,foreign_key,public,AspNetUserTokens,FK_AspNetUserTokens_AspNetUsers_UserId,UserId,public,AspNetUserTokens,FK_AspNetUserTokens_AspNetUsers_UserId,UserId,no_change,identity_excluded
postgres,primary_key,public,AspNetUserTokens,PK_AspNetUserTokens,UserId|LoginProvider|Name,public,AspNetUserTokens,PK_AspNetUserTokens,UserId|LoginProvider|Name,no_change,identity_excluded
postgres,primary_key,public,AspNetUsers,PK_AspNetUsers,Id,public,AspNetUsers,PK_AspNetUsers,Id,no_change,identity_excluded
postgres,primary_key,public,Companies,PK_Companies,Id,public,company,pk_company,id,rename_object,
postgres,foreign_key,public,Contracts,FK_Contracts_Companies_CompanyId,CompanyId,public,contract,fk_contract_company_id,company_id,rename_object,
postgres,foreign_key,public,Contracts,FK_Contracts_Sites_SiteiD,SiteiD,public,contract,fk_contract_site_id,site_id,rename_object,
postgres,primary_key,public,Contracts,PK_Contracts,Id,public,contract,pk_contract,id,rename_object,
postgres,foreign_key,public,Deployments,FK_Deployments_Contracts_ContractId,ContractId,public,deployment,fk_deployment_contract_id,contract_id,rename_object,
postgres,foreign_key,public,Deployments,FK_Deployments_MonitorsList_MonitorId,MonitorId,public,deployment,fk_deployment_monitor_id,monitor_id,rename_object,
postgres,primary_key,public,Deployments,PK2_Deployments,Id,public,deployment,pk_deployment,id,rename_object,
postgres,index,public,ErrorLog,ErrorLog_Timestamtp_idx,Timestamtp,public,error_log,ix_error_log_logged_at,logged_at,rename_object,
postgres,primary_key,public,ErrorLog,pk_errorlog,Id|Timestamtp,public,error_log,pk_error_log,id|logged_at,rename_object,
postgres,foreign_key,public,HelpArticles,FK_HelpArticles_HelpSections_SectionId,SectionId,public,help_article,fk_help_article_help_section_id,help_section_id,rename_object,
postgres,index,public,HelpArticles,IX_HelpArticles_SectionId,SectionId,public,help_article,ix_help_article_help_section_id,help_section_id,rename_object,
postgres,index,public,HelpArticles,IX_HelpArticles_Slug,Slug,public,help_article,ix_help_article_slug,slug,rename_object,
postgres,primary_key,public,HelpArticles,PK_HelpArticles,Id,public,help_article,pk_help_article,id,rename_object,
postgres,foreign_key,public,HelpAssets,FK_HelpAssets_HelpArticles_HelpArticleId,HelpArticleId,public,help_asset,fk_help_asset_help_article_id,help_article_id,rename_object,
postgres,index,public,HelpAssets,IX_HelpAssets_HelpArticleId,HelpArticleId,public,help_asset,ix_help_asset_help_article_id,help_article_id,rename_object,
postgres,primary_key,public,HelpAssets,PK_HelpAssets,Id,public,help_asset,pk_help_asset,id,rename_object,
postgres,index,public,HelpSections,IX_HelpSections_Slug,Slug,public,help_section,ix_help_section_slug,slug,rename_object,
postgres,primary_key,public,HelpSections,PK_HelpSections,Id,public,help_section,pk_help_section,id,rename_object,
postgres,primary_key,public,MonitorsList,PK_MonitorsList,Id,public,monitor,pk_monitor,id,rename_object,
postgres,index,public,MyAtmDustLevels,MyAtmDustLevels_SampleTime_idx,SampleTime,public,my_atm_dust_level,ix_my_atm_dust_level_sample_time,sample_time,rename_object,
postgres,foreign_key,public,NotificationSettings,FK_NotificationSettings_SiteUsers,SiteUserId,public,notification_setting,fk_notification_setting_site_user_id,site_user_id,rename_object,
postgres,primary_key,public,NotificationSettings,PK_NotificationSettings,Id,public,notification_setting,pk_notification_setting,id,rename_object,
postgres,primary_key,public,Notifications,PK_Notifications,Id,public,notification,pk_notification,id,rename_object,
postgres,index,public,NotificationsSent,NotificationsSent_SendTime_idx,SendTime,public,notification_sent,ix_notification_sent_send_time,send_time,rename_object,
postgres,primary_key,public,NotificationsSent,pk_notificationssent,Id|SendTime,public,notification_sent,pk_notification_sent,id|send_time,rename_object,
postgres,primary_key,public,OmnidotsMonitorStatus,PK__Omnidots__3214EC0736C6B626,Id,public,omnidots_monitor_status,pk_omnidots_monitor_status,id,rename_object,
postgres,index,public,OmnidotsPeakLevels,IX_OmnidotsPeakLevels_SerialId_SampleTimeDesc,SerialId|SampleTime,public,omnidots_peak_level,ix_omnidots_peak_level_serial_id_sample_time,serial_id|sample_time,rename_object,
postgres,index,public,OmnidotsPeakLevels,OmnidotsPeakLevels_SampleTime_idx,SampleTime,public,omnidots_peak_level,ix_omnidots_peak_level_sample_time,sample_time,rename_object,
postgres,index,public,OmnidotsPeakLevels,_dta_index_OmnidotsPeakLevels_25_1957582012__K2_K1_3_4_5_6_7_8_,SampleTime|SerialId,public,omnidots_peak_level,ix_omnidots_peak_level_sample_time_serial_id,sample_time|serial_id,rename_object,
postgres,primary_key,public,OmnidotsSensors,PK__Omnidots__3214EC0704E3BD04,Id,public,omnidots_sensor,pk_omnidots_sensor,id,rename_object,
postgres,foreign_key,public,OmnidotsTraces,FK__OmnidotsT__Trace__2DE6D218,TraceId,public,omnidots_trace,fk_omnidots_trace_omnidots_trace_index_id,omnidots_trace_index_id,rename_object,
postgres,primary_key,public,OmnidotsTracesIndex,PK__Omnidots__3214EC071EF1F55E,Id,public,omnidots_trace_index,pk_omnidots_trace_index,id,rename_object,
postgres,primary_key,public,ReportRules,PK_ReportConfig,Id,public,report_rule,pk_report_rule,id,rename_object,
postgres,primary_key,public,ReportUsers,PK_ReportUsers,Id,public,report_user,pk_report_user,id,rename_object,
postgres,primary_key,public,Reports,PK_Reports,Id,public,report,pk_report,id,rename_object,
postgres,primary_key,public,ReportsSent,PK_ReportsSent,Id,public,report_sent,pk_report_sent,id,rename_object,
postgres,foreign_key,public,RvtAlertRules,FK_RvtAlertRules_MonitorsList_MonitorId,MonitorId,public,rvt_alert_rule,fk_rvt_alert_rule_monitor_id,monitor_id,rename_object,
postgres,primary_key,public,RvtAlertRules,PK_RvtAlertRules,Id,public,rvt_alert_rule,pk_rvt_alert_rule,id,rename_object,
postgres,foreign_key,public,SiteArchived,FK_SiteArchived_Sites_SiteId,SiteId,public,site_archived,fk_site_archived_site_id,site_id,rename_object,
postgres,primary_key,public,SiteArchived,PK_SiteArchived,Id,public,site_archived,pk_site_archived,id,rename_object,
postgres,index,public,SiteAverages,SiteAverages_CollectionTime_idx,CollectionTime,public,site_average,ix_site_average_collection_time,collection_time,rename_object,
postgres,primary_key,public,SiteAverages,pk_siteaverages,Id|CollectionTime,public,site_average,pk_site_average,id|collection_time,rename_object,
postgres,foreign_key,public,SiteOperatingHours,FK_SiteOperatingHours_Sites_SiteId,SiteId,public,site_operating_hour,fk_site_operating_hour_site_id,site_id,rename_object,
postgres,index,public,SiteOperatingHours,IX_SiteOperatingHours_SiteId_DayOfWeek,SiteId|DayOfWeek,public,site_operating_hour,ix_site_operating_hour_site_id_day_of_week,site_id|day_of_week,rename_object,
postgres,primary_key,public,SiteOperatingHours,PK_SiteOperatingHours,Id,public,site_operating_hour,pk_site_operating_hour,id,rename_object,
postgres,foreign_key,public,SiteUsers,FK_SiteUsers_Sites_SiteId,SiteId,public,site_user,fk_site_user_site_id,site_id,rename_object,
postgres,primary_key,public,SiteUsers,PK_SiteUsers,Id,public,site_user,pk_site_user,id,rename_object,
postgres,primary_key,public,Sites,PK_Sites,Id,public,site,pk_site,id,rename_object,
postgres,index,public,SvantekNoise8HourAverage,SvantekNoise8HourAverage_SampleTime_idx,SampleTime,public,svantek_noise_8_hour_average,ix_svantek_noise_8_hour_average_sample_time,sample_time,rename_object,
postgres,index,public,SvantekNoiseLevels,SvantekNoiseLevels_SampleTime_idx,SampleTime,public,svantek_noise_level,ix_svantek_noise_level_sample_time,sample_time,rename_object,
postgres,index,public,UserActionsHistory,UserActionsHistory_Timestamp_idx,Timestamp,public,user_action_history,ix_user_action_history_recorded_at,recorded_at,rename_object,
postgres,primary_key,public,UserActionsHistory,pk_useractionshistory,ID|Timestamp,public,user_action_history,pk_user_action_history,id|recorded_at,rename_object,
sqlserver,default_constraint,dbo,AirQMonitorStatus,DF__AirQMonit__Error__1332DBDC,ErrorCount,dbo,air_q_monitor_status,df_air_q_monitor_status_error_count,error_count,rename_object,manual_sqlserver_default_constraint_coverage
sqlserver,primary_key,dbo,AirQMonitorStatus,PK__AirQMoni__5E5B3EE492A9E513,SerialId,dbo,air_q_monitor_status,pk_air_q_monitor_status,id,rename_object,
sqlserver,foreign_key,dbo,AspNetRoleClaims,FK_AspNetRoleClaims_AspNetRoles_RoleId,RoleId,dbo,AspNetRoleClaims,FK_AspNetRoleClaims_AspNetRoles_RoleId,RoleId,no_change,identity_excluded
sqlserver,primary_key,dbo,AspNetRoleClaims,PK_AspNetRoleClaims,Id,dbo,AspNetRoleClaims,PK_AspNetRoleClaims,Id,no_change,identity_excluded
sqlserver,primary_key,dbo,AspNetRoles,PK_AspNetRoles,Id,dbo,AspNetRoles,PK_AspNetRoles,Id,no_change,identity_excluded
sqlserver,foreign_key,dbo,AspNetUserClaims,FK_AspNetUserClaims_AspNetUsers_UserId,UserId,dbo,AspNetUserClaims,FK_AspNetUserClaims_AspNetUsers_UserId,UserId,no_change,identity_excluded
sqlserver,primary_key,dbo,AspNetUserClaims,PK_AspNetUserClaims,Id,dbo,AspNetUserClaims,PK_AspNetUserClaims,Id,no_change,identity_excluded
sqlserver,foreign_key,dbo,AspNetUserLogins,FK_AspNetUserLogins_AspNetUsers_UserId,UserId,dbo,AspNetUserLogins,FK_AspNetUserLogins_AspNetUsers_UserId,UserId,no_change,identity_excluded
sqlserver,primary_key,dbo,AspNetUserLogins,PK_AspNetUserLogins,LoginProvider|ProviderKey,dbo,AspNetUserLogins,PK_AspNetUserLogins,LoginProvider|ProviderKey,no_change,identity_excluded
sqlserver,foreign_key,dbo,AspNetUserRoles,FK_AspNetUserRoles_AspNetRoles_RoleId,RoleId,dbo,AspNetUserRoles,FK_AspNetUserRoles_AspNetRoles_RoleId,RoleId,no_change,identity_excluded
sqlserver,foreign_key,dbo,AspNetUserRoles,FK_AspNetUserRoles_AspNetUsers_UserId,UserId,dbo,AspNetUserRoles,FK_AspNetUserRoles_AspNetUsers_UserId,UserId,no_change,identity_excluded
sqlserver,primary_key,dbo,AspNetUserRoles,PK_AspNetUserRoles,UserId|RoleId,dbo,AspNetUserRoles,PK_AspNetUserRoles,UserId|RoleId,no_change,identity_excluded
sqlserver,foreign_key,dbo,AspNetUserTokens,FK_AspNetUserTokens_AspNetUsers_UserId,UserId,dbo,AspNetUserTokens,FK_AspNetUserTokens_AspNetUsers_UserId,UserId,no_change,identity_excluded
sqlserver,primary_key,dbo,AspNetUserTokens,PK_AspNetUserTokens,UserId|LoginProvider|Name,dbo,AspNetUserTokens,PK_AspNetUserTokens,UserId|LoginProvider|Name,no_change,identity_excluded
sqlserver,primary_key,dbo,AspNetUsers,PK_AspNetUsers,Id,dbo,AspNetUsers,PK_AspNetUsers,Id,no_change,identity_excluded
sqlserver,primary_key,dbo,Companies,PK_Companies,Id,dbo,company,pk_company,id,rename_object,
sqlserver,foreign_key,dbo,Contracts,FK_Contracts_Companies_CompanyId,CompanyId,dbo,contract,fk_contract_company_id,company_id,rename_object,
sqlserver,foreign_key,dbo,Contracts,FK_Contracts_Sites_SiteiD,SiteiD,dbo,contract,fk_contract_site_id,site_id,rename_object,
sqlserver,primary_key,dbo,Contracts,PK_Contracts,Id,dbo,contract,pk_contract,id,rename_object,
sqlserver,foreign_key,dbo,Deployments,FK_Deployments_Contracts_ContractId,ContractId,dbo,deployment,fk_deployment_contract_id,contract_id,rename_object,
sqlserver,foreign_key,dbo,Deployments,FK_Deployments_MonitorsList_MonitorId,MonitorId,dbo,deployment,fk_deployment_monitor_id,monitor_id,rename_object,
sqlserver,primary_key,dbo,Deployments,PK2_Deployments,Id,dbo,deployment,pk_deployment,id,rename_object,
sqlserver,default_constraint,dbo,ErrorLog,DF_ErrorLog_Timestamtp,Timestamtp,dbo,error_log,df_error_log_logged_at,logged_at,rename_object,manual_sqlserver_default_constraint_coverage
sqlserver,primary_key,dbo,ErrorLog,PK_NLogError,Id,dbo,error_log,pk_error_log,id,rename_object,
sqlserver,foreign_key,dbo,HelpArticles,FK_HelpArticles_HelpSections_SectionId,SectionId,dbo,help_article,fk_help_article_help_section_id,help_section_id,rename_object,
sqlserver,index,dbo,HelpArticles,IX_HelpArticles_SectionId,SectionId,dbo,help_article,ix_help_article_help_section_id,help_section_id,rename_object,
sqlserver,index,dbo,HelpArticles,IX_HelpArticles_Slug,Slug,dbo,help_article,ix_help_article_slug,slug,rename_object,
sqlserver,primary_key,dbo,HelpArticles,PK_HelpArticles,Id,dbo,help_article,pk_help_article,id,rename_object,
sqlserver,foreign_key,dbo,HelpAssets,FK_HelpAssets_HelpArticles_HelpArticleId,HelpArticleId,dbo,help_asset,fk_help_asset_help_article_id,help_article_id,rename_object,
sqlserver,index,dbo,HelpAssets,IX_HelpAssets_HelpArticleId,HelpArticleId,dbo,help_asset,ix_help_asset_help_article_id,help_article_id,rename_object,
sqlserver,primary_key,dbo,HelpAssets,PK_HelpAssets,Id,dbo,help_asset,pk_help_asset,id,rename_object,
sqlserver,index,dbo,HelpSections,IX_HelpSections_Slug,Slug,dbo,help_section,ix_help_section_slug,slug,rename_object,
sqlserver,primary_key,dbo,HelpSections,PK_HelpSections,Id,dbo,help_section,pk_help_section,id,rename_object,
sqlserver,default_constraint,dbo,MonitorsList,DF_MonitorsList_BatteryStatus,BatteryStatus,dbo,monitor,df_monitor_battery_status,battery_status,rename_object,manual_sqlserver_default_constraint_coverage
sqlserver,default_constraint,dbo,MonitorsList,DF_MonitorsList_Offline,Offline,dbo,monitor,df_monitor_offline,offline,rename_object,manual_sqlserver_default_constraint_coverage
sqlserver,primary_key,dbo,MonitorsList,PK_MonitorsList,Id,dbo,monitor,pk_monitor,id,rename_object,
sqlserver,foreign_key,dbo,NotificationSettings,FK_NotificationSettings_SiteUsers,SiteUserId,dbo,notification_setting,fk_notification_setting_site_user_id,site_user_id,rename_object,
sqlserver,primary_key,dbo,NotificationSettings,PK_NotificationSettings,Id,dbo,notification_setting,pk_notification_setting,id,rename_object,
sqlserver,default_constraint,dbo,Notifications,DF__Notificat__Avera__17036CC0,AveragingPeriod,dbo,notification,df_notification_averaging_period,averaging_period,rename_object,manual_sqlserver_default_constraint_coverage
sqlserver,default_constraint,dbo,Notifications,DF__Notificat__Level__17F790F9,Level,dbo,notification,df_notification_level,level,rename_object,manual_sqlserver_default_constraint_coverage
sqlserver,primary_key,dbo,Notifications,PK_Notifications,Id,dbo,notification,pk_notification,id,rename_object,
sqlserver,primary_key,dbo,NotificationsSent,PK_NotificationsSent,Id,dbo,notification_sent,pk_notification_sent,id,rename_object,
sqlserver,default_constraint,dbo,OmnidotsMonitorStatus,DF__OmnidotsMoni__Id__18EBB532,Id,dbo,omnidots_monitor_status,df_omnidots_monitor_status_id,id,rename_object,manual_sqlserver_default_constraint_coverage
sqlserver,primary_key,dbo,OmnidotsMonitorStatus,PK__Omnidots__3214EC0736C6B626,Id,dbo,omnidots_monitor_status,pk_omnidots_monitor_status,id,rename_object,
sqlserver,index,dbo,OmnidotsPeakLevels,IX_OmnidotsPeakLevels_SerialId_SampleTimeDesc,SerialId|SampleTime,dbo,omnidots_peak_level,ix_omnidots_peak_level_serial_id_sample_time,serial_id|sample_time,rename_object,
sqlserver,index,dbo,OmnidotsPeakLevels,_dta_index_OmnidotsPeakLevels_25_1957582012__K2_K1_3_4_5_6_7_8_9_10_11,SampleTime|SerialId,dbo,omnidots_peak_level,ix_omnidots_peak_level_sample_time_serial_id,sample_time|serial_id,rename_object,
sqlserver,default_constraint,dbo,OmnidotsSensors,DF__OmnidotsSens__Id__19DFD96B,Id,dbo,omnidots_sensor,df_omnidots_sensor_id,id,rename_object,manual_sqlserver_default_constraint_coverage
sqlserver,primary_key,dbo,OmnidotsSensors,PK__Omnidots__3214EC0704E3BD04,Id,dbo,omnidots_sensor,pk_omnidots_sensor,id,rename_object,
sqlserver,foreign_key,dbo,OmnidotsTraces,FK__OmnidotsT__Trace__2DE6D218,TraceId,dbo,omnidots_trace,fk_omnidots_trace_omnidots_trace_index_id,omnidots_trace_index_id,rename_object,
sqlserver,default_constraint,dbo,OmnidotsTracesIndex,DF__OmnidotsTrac__Id__1AD3FDA4,Id,dbo,omnidots_trace_index,df_omnidots_trace_index_id,id,rename_object,manual_sqlserver_default_constraint_coverage
sqlserver,primary_key,dbo,OmnidotsTracesIndex,PK__Omnidots__3214EC071EF1F55E,Id,dbo,omnidots_trace_index,pk_omnidots_trace_index,id,rename_object,
sqlserver,primary_key,dbo,ReportRules,PK_ReportConfig,Id,dbo,report_rule,pk_report_rule,id,rename_object,
sqlserver,primary_key,dbo,ReportUsers,PK_ReportUsers,Id,dbo,report_user,pk_report_user,id,rename_object,
sqlserver,primary_key,dbo,Reports,PK_Reports,Id,dbo,report,pk_report,id,rename_object,
sqlserver,primary_key,dbo,ReportsSent,PK_ReportsSent,Id,dbo,report_sent,pk_report_sent,id,rename_object,
sqlserver,default_constraint,dbo,RvtAlertRules,DF__RvtAlertR__Creat__1CBC4616,CreatedAt,dbo,rvt_alert_rule,df_rvt_alert_rule_created_at,created_at,rename_object,manual_sqlserver_default_constraint_coverage
sqlserver,default_constraint,dbo,RvtAlertRules,DF__RvtAlertR__IsDel__1BC821DD,IsDeleted,dbo,rvt_alert_rule,df_rvt_alert_rule_is_deleted,is_deleted,rename_object,manual_sqlserver_default_constraint_coverage
sqlserver,foreign_key,dbo,RvtAlertRules,FK_RvtAlertRules_MonitorsList_MonitorId,MonitorId,dbo,rvt_alert_rule,fk_rvt_alert_rule_monitor_id,monitor_id,rename_object,
sqlserver,primary_key,dbo,RvtAlertRules,PK_RvtAlertRules,Id,dbo,rvt_alert_rule,pk_rvt_alert_rule,id,rename_object,
sqlserver,foreign_key,dbo,SiteArchived,FK_SiteArchived_Sites_SiteId,SiteId,dbo,site_archived,fk_site_archived_site_id,site_id,rename_object,
sqlserver,primary_key,dbo,SiteArchived,PK_SiteArchived,Id,dbo,site_archived,pk_site_archived,id,rename_object,
sqlserver,default_constraint,dbo,SiteAverages,DF__SiteAverages__Id__1DB06A4F,Id,dbo,site_average,df_site_average_id,id,rename_object,manual_sqlserver_default_constraint_coverage
sqlserver,primary_key,dbo,SiteAverages,PK__SiteAver__3214EC076B98609D,Id,dbo,site_average,pk_site_average,id,rename_object,
sqlserver,default_constraint,dbo,SiteOperatingHours,DF__SiteOpera__IsClo__625A9A57,IsClosed,dbo,site_operating_hour,df_site_operating_hour_is_closed,is_closed,rename_object,manual_sqlserver_default_constraint_coverage
sqlserver,foreign_key,dbo,SiteOperatingHours,FK_SiteOperatingHours_Sites_SiteId,SiteId,dbo,site_operating_hour,fk_site_operating_hour_site_id,site_id,rename_object,
sqlserver,index,dbo,SiteOperatingHours,IX_SiteOperatingHours_SiteId_DayOfWeek,SiteId|DayOfWeek,dbo,site_operating_hour,ix_site_operating_hour_site_id_day_of_week,site_id|day_of_week,rename_object,
sqlserver,primary_key,dbo,SiteOperatingHours,PK_SiteOperatingHours,Id,dbo,site_operating_hour,pk_site_operating_hour,id,rename_object,
sqlserver,default_constraint,dbo,SiteUsers,DF_SiteUsers_SiteContact,SiteContact,dbo,site_user,df_site_user_site_contact,site_contact,rename_object,manual_sqlserver_default_constraint_coverage
sqlserver,foreign_key,dbo,SiteUsers,FK_SiteUsers_Sites_SiteId,SiteId,dbo,site_user,fk_site_user_site_id,site_id,rename_object,
sqlserver,primary_key,dbo,SiteUsers,PK_SiteUsers,Id,dbo,site_user,pk_site_user,id,rename_object,
sqlserver,default_constraint,dbo,Sites,DF_Sites_Archived,Archived,dbo,site,df_site_archived,archived,rename_object,manual_sqlserver_default_constraint_coverage
sqlserver,primary_key,dbo,Sites,PK_Sites,Id,dbo,site,pk_site,id,rename_object,
sqlserver,default_constraint,dbo,SvantekMonitorStatus,DF_SvantekMonitorStatus_ErrorCount,ErrorCount,dbo,svantek_monitor_status,df_svantek_monitor_status_error_count,error_count,rename_object,manual_sqlserver_default_constraint_coverage
sqlserver,default_constraint,dbo,UserActionsHistory,DF_UserActionsHistory_Timestamp,Timestamp,dbo,user_action_history,df_user_action_history_recorded_at,recorded_at,rename_object,manual_sqlserver_default_constraint_coverage
sqlserver,default_constraint,dbo,UserActionsHistory,DF__UserActionsH__ID__2180FB33,ID,dbo,user_action_history,df_user_action_history_id,id,rename_object,manual_sqlserver_default_constraint_coverage
sqlserver,primary_key,dbo,UserActionsHistory,PK__UserActi__3214EC27FF1B54AC,ID,dbo,user_action_history,pk_user_action_history,id,rename_object,
postgres,index,public,my_atm_dust_level,,,public,my_atm_dust_level,ix_my_atm_dust_level_serial_id_avrg_sample_time,serial_id|avrg|sample_time,create_object,performance_index_20260609
postgres,index,public,air_q_noise_level,,,public,air_q_noise_level,ix_air_q_noise_level_serial_id_sample_time,serial_id|sample_time,create_object,performance_index_20260609
postgres,index,public,svantek_noise_level,,,public,svantek_noise_level,ix_svantek_noise_level_serial_id_sample_time,serial_id|sample_time,create_object,performance_index_20260609
postgres,index,public,air_q_noise_8_hour_average,,,public,air_q_noise_8_hour_average,ix_air_q_noise_8_hour_average_serial_id_sample_time,serial_id|sample_time,create_object,performance_index_20260609
postgres,index,public,svantek_noise_8_hour_average,,,public,svantek_noise_8_hour_average,ix_svantek_noise_8_hour_average_serial_id_sample_time,serial_id|sample_time,create_object,performance_index_20260609
postgres,index,public,site_average,,,public,site_average,ix_site_average_monitor_id_collection_time,monitor_id|collection_time,create_object,performance_index_20260609
postgres,index,public,omnidots_trace,,,public,omnidots_trace,ix_omnidots_trace_omnidots_trace_index_id,omnidots_trace_index_id,create_object,performance_index_20260609
postgres,index,public,omnidots_trace_index,,,public,omnidots_trace_index,ix_omnidots_trace_index_serial_id_start_time,serial_id|start_time,create_object,performance_index_20260609
postgres,index,public,monitor,,,public,monitor,ix_monitor_serial_id,serial_id,create_object,performance_index_20260609
postgres,index,public,monitor,,,public,monitor,ix_monitor_fleet_row_count,fleet_row_count,create_object,performance_index_20260609
postgres,index,public,omnidots_sensor,,,public,omnidots_sensor,ix_omnidots_sensor_serial_id_lastseen,serial_id|lastseen,create_object,performance_index_20260609
postgres,index,public,omnidots_monitor_status,,,public,omnidots_monitor_status,ix_omnidots_monitor_status_serial_id,serial_id,create_object,performance_index_20260609
postgres,index,public,svantek_monitor_status,,,public,svantek_monitor_status,ix_svantek_monitor_status_serial_id,serial_id,create_object,performance_index_20260609
postgres,index,public,notification,,,public,notification,ix_notification_monitor_id_notification_time,monitor_id|notification_time,create_object,performance_index_20260609
postgres,index,public,notification,,,public,notification,ix_notification_open_monitor_alert_time,monitor_id|alert_type|notification_time,create_object,performance_index_20260609_filtered_open
postgres,index,public,rvt_alert_rule,,,public,rvt_alert_rule,ix_rvt_alert_rule_monitor_active_type,monitor_id|is_active|alert_type,create_object,performance_index_20260609
postgres,index,public,deployment,,,public,deployment,ix_deployment_monitor_id_start_end,monitor_id|start_date|end_date,create_object,performance_index_20260609
postgres,index,public,deployment,,,public,deployment,ix_deployment_current_monitor_id_start_date,monitor_id|start_date,create_object,performance_index_20260609_filtered_current
postgres,index,public,deployment,,,public,deployment,ix_deployment_contract_id_end_date,contract_id|end_date,create_object,performance_index_20260609
postgres,index,public,site_user,,,public,site_user,ix_site_user_user_site_dates,user_id|site_id|start_date|end_date,create_object,performance_index_20260609
postgres,index,public,contract,,,public,contract,ix_contract_company_id,company_id,create_object,performance_index_20260609
postgres,index,public,contract,,,public,contract,ix_contract_site_id,site_id,create_object,performance_index_20260609
postgres,index,public,notification_setting,,,public,notification_setting,ix_notification_setting_site_user_id,site_user_id,create_object,performance_index_20260609
postgres,index,public,site_archived,,,public,site_archived,ix_site_archived_site_id,site_id,create_object,performance_index_20260609
postgres,index,public,site_user,,,public,site_user,ix_site_user_site_id,site_id,create_object,performance_index_20260609
postgres,index,public,report_user,,,public,report_user,ix_report_user_report_rule_id_user_id,report_rule_id|user_id,create_object,performance_index_20260709_report_recipient
postgres,index,public,report_rule,,,public,report_rule,ix_report_rule_site_id_deleted,site_id|deleted,create_object,performance_index_20260709_report_recipient
postgres,index,public,report,,,public,report,ix_report_deleted_report_date,deleted|report_date,create_object,performance_index_20260709_report_recipient
postgres,index,public,site_user,,,public,site_user,ix_site_user_site_id_end_date_user_id,site_id|end_date|user_id,create_object,performance_index_20260709_report_recipient
sqlserver,index,dbo,my_atm_dust_level,,,dbo,my_atm_dust_level,ix_my_atm_dust_level_serial_id_avrg_sample_time,serial_id|avrg|sample_time,create_object,performance_index_20260609
sqlserver,index,dbo,air_q_noise_level,,,dbo,air_q_noise_level,ix_air_q_noise_level_serial_id_sample_time,serial_id|sample_time,create_object,performance_index_20260609
sqlserver,index,dbo,svantek_noise_level,,,dbo,svantek_noise_level,ix_svantek_noise_level_serial_id_sample_time,serial_id|sample_time,create_object,performance_index_20260609
sqlserver,index,dbo,air_q_noise_8_hour_average,,,dbo,air_q_noise_8_hour_average,ix_air_q_noise_8_hour_average_serial_id_sample_time,serial_id|sample_time,create_object,performance_index_20260609
sqlserver,index,dbo,svantek_noise_8_hour_average,,,dbo,svantek_noise_8_hour_average,ix_svantek_noise_8_hour_average_serial_id_sample_time,serial_id|sample_time,create_object,performance_index_20260609
sqlserver,index,dbo,site_average,,,dbo,site_average,ix_site_average_monitor_id_collection_time,monitor_id|collection_time,create_object,performance_index_20260609
sqlserver,index,dbo,omnidots_trace,,,dbo,omnidots_trace,ix_omnidots_trace_omnidots_trace_index_id,omnidots_trace_index_id,create_object,performance_index_20260609
sqlserver,index,dbo,omnidots_trace_index,,,dbo,omnidots_trace_index,ix_omnidots_trace_index_serial_id_start_time,serial_id|start_time,create_object,performance_index_20260609
sqlserver,index,dbo,monitor,,,dbo,monitor,ix_monitor_serial_id,serial_id,create_object,performance_index_20260609
sqlserver,index,dbo,monitor,,,dbo,monitor,ix_monitor_fleet_row_count,fleet_row_count,create_object,performance_index_20260609
sqlserver,index,dbo,omnidots_sensor,,,dbo,omnidots_sensor,ix_omnidots_sensor_serial_id_lastseen,serial_id|lastseen,create_object,performance_index_20260609
sqlserver,index,dbo,omnidots_monitor_status,,,dbo,omnidots_monitor_status,ix_omnidots_monitor_status_serial_id,serial_id,create_object,performance_index_20260609
sqlserver,index,dbo,svantek_monitor_status,,,dbo,svantek_monitor_status,ix_svantek_monitor_status_serial_id,serial_id,create_object,performance_index_20260609
sqlserver,index,dbo,notification,,,dbo,notification,ix_notification_monitor_id_notification_time,monitor_id|notification_time,create_object,performance_index_20260609
sqlserver,index,dbo,notification,,,dbo,notification,ix_notification_open_monitor_alert_time,monitor_id|alert_type|notification_time,create_object,performance_index_20260609_filtered_open
sqlserver,index,dbo,rvt_alert_rule,,,dbo,rvt_alert_rule,ix_rvt_alert_rule_monitor_active_type,monitor_id|is_active|alert_type,create_object,performance_index_20260609
sqlserver,index,dbo,deployment,,,dbo,deployment,ix_deployment_monitor_id_start_end,monitor_id|start_date|end_date,create_object,performance_index_20260609
sqlserver,index,dbo,deployment,,,dbo,deployment,ix_deployment_current_monitor_id_start_date,monitor_id|start_date,create_object,performance_index_20260609_filtered_current
sqlserver,index,dbo,deployment,,,dbo,deployment,ix_deployment_contract_id_end_date,contract_id|end_date,create_object,performance_index_20260609
sqlserver,index,dbo,site_user,,,dbo,site_user,ix_site_user_user_site_dates,user_id|site_id|start_date|end_date,create_object,performance_index_20260609
sqlserver,index,dbo,contract,,,dbo,contract,ix_contract_company_id,company_id,create_object,performance_index_20260609
sqlserver,index,dbo,contract,,,dbo,contract,ix_contract_site_id,site_id,create_object,performance_index_20260609
sqlserver,index,dbo,notification_setting,,,dbo,notification_setting,ix_notification_setting_site_user_id,site_user_id,create_object,performance_index_20260609
sqlserver,index,dbo,site_archived,,,dbo,site_archived,ix_site_archived_site_id,site_id,create_object,performance_index_20260609
sqlserver,index,dbo,site_user,,,dbo,site_user,ix_site_user_site_id,site_id,create_object,performance_index_20260609
sqlserver,index,dbo,report_user,,,dbo,report_user,ix_report_user_report_rule_id_user_id,report_rule_id|user_id,create_object,performance_index_20260709_report_recipient
sqlserver,index,dbo,report_rule,,,dbo,report_rule,ix_report_rule_site_id_deleted,site_id|deleted,create_object,performance_index_20260709_report_recipient
sqlserver,index,dbo,report,,,dbo,report,ix_report_deleted_report_date,deleted|report_date,create_object,performance_index_20260709_report_recipient
sqlserver,index,dbo,site_user,,,dbo,site_user,ix_site_user_site_id_end_date_user_id,site_id|end_date|user_id,create_object,performance_index_20260709_report_recipient
postgres,unique_index,public,monitor,,,public,monitor,ux_monitor_serial_id_type_of_monitor,serial_id|type_of_monitor,create_object,monitor_natural_key_20260618
postgres,unique_index,public,air_q_monitor_status,,,public,air_q_monitor_status,ux_air_q_monitor_status_serial_id,serial_id,create_object,monitor_natural_key_20260618
postgres,unique_index,public,omnidots_monitor_status,,,public,omnidots_monitor_status,ux_omnidots_monitor_status_serial_id,serial_id,create_object,monitor_natural_key_20260618
postgres,unique_index,public,omnidots_sensor,,,public,omnidots_sensor,ux_omnidots_sensor_serial_id,serial_id,create_object,monitor_natural_key_20260618
postgres,unique_index,public,svantek_monitor_status,,,public,svantek_monitor_status,ux_svantek_monitor_status_serial_id,serial_id,create_object,monitor_natural_key_20260618
postgres,unique_index,public,air_q_noise_level,,,public,air_q_noise_level,ux_air_q_noise_level_serial_id_sample_time,serial_id|sample_time,create_object,monitor_natural_key_20260618
postgres,unique_index,public,svantek_noise_level,,,public,svantek_noise_level,ux_svantek_noise_level_serial_id_sample_time,serial_id|sample_time,create_object,monitor_natural_key_20260618
postgres,unique_index,public,my_atm_dust_level,,,public,my_atm_dust_level,ux_my_atm_dust_level_serial_id_sample_time_avrg,serial_id|sample_time|avrg,create_object,monitor_natural_key_20260618
postgres,unique_index,public,my_atm_accessory_info,,,public,my_atm_accessory_info,ux_my_atm_accessory_info_serial_id_sample_time,serial_id|sample_time,create_object,monitor_natural_key_20260618
postgres,unique_index,public,omnidots_peak_level,,,public,omnidots_peak_level,ux_omnidots_peak_level_serial_id_sample_time,serial_id|sample_time,create_object,monitor_natural_key_20260618
postgres,unique_index,public,omnidots_veff_level,,,public,omnidots_veff_level,ux_omnidots_veff_level_serial_id_sample_time,serial_id|sample_time,create_object,monitor_natural_key_20260618
postgres,unique_index,public,omnidots_vdv_level,,,public,omnidots_vdv_level,ux_omnidots_vdv_level_serial_id_sample_time,serial_id|sample_time,create_object,monitor_natural_key_20260618
postgres,unique_index,public,air_q_noise_8_hour_average,,,public,air_q_noise_8_hour_average,ux_air_q_noise_8_hour_average_serial_id_sample_time,serial_id|sample_time,create_object,monitor_natural_key_20260618
postgres,unique_index,public,svantek_noise_8_hour_average,,,public,svantek_noise_8_hour_average,ux_svantek_noise_8_hour_average_serial_id_sample_time,serial_id|sample_time,create_object,monitor_natural_key_20260618
postgres,index,public,heater_reading,heater_reading_sample_time_idx,sample_time,public,heater_reading,ix_heater_reading_sample_time,sample_time,rename_object,timescale_default_index_cleanup_20260709
postgres,index,public,my_atm_accessory_info,my_atm_accessory_info_sample_time_idx,sample_time,public,my_atm_accessory_info,ix_my_atm_accessory_info_sample_time,sample_time,rename_object,timescale_default_index_cleanup_20260709
postgres,index,public,omnidots_vdv_level,omnidots_vdv_level_sample_time_idx,sample_time,public,omnidots_vdv_level,ix_omnidots_vdv_level_sample_time,sample_time,rename_object,timescale_default_index_cleanup_20260709
postgres,index,public,omnidots_veff_level,omnidots_veff_level_sample_time_idx,sample_time,public,omnidots_veff_level,ix_omnidots_veff_level_sample_time,sample_time,rename_object,timescale_default_index_cleanup_20260709
sqlserver,unique_index,dbo,monitor,,,dbo,monitor,ux_monitor_serial_id_type_of_monitor,serial_id|type_of_monitor,create_object,monitor_natural_key_20260618
sqlserver,unique_index,dbo,air_q_monitor_status,,,dbo,air_q_monitor_status,ux_air_q_monitor_status_serial_id,serial_id,create_object,monitor_natural_key_20260618
sqlserver,unique_index,dbo,omnidots_monitor_status,,,dbo,omnidots_monitor_status,ux_omnidots_monitor_status_serial_id,serial_id,create_object,monitor_natural_key_20260618
sqlserver,unique_index,dbo,omnidots_sensor,,,dbo,omnidots_sensor,ux_omnidots_sensor_serial_id,serial_id,create_object,monitor_natural_key_20260618
sqlserver,unique_index,dbo,svantek_monitor_status,,,dbo,svantek_monitor_status,ux_svantek_monitor_status_serial_id,serial_id,create_object,monitor_natural_key_20260618
sqlserver,unique_index,dbo,air_q_noise_level,,,dbo,air_q_noise_level,ux_air_q_noise_level_serial_id_sample_time,serial_id|sample_time,create_object,monitor_natural_key_20260618
sqlserver,unique_index,dbo,svantek_noise_level,,,dbo,svantek_noise_level,ux_svantek_noise_level_serial_id_sample_time,serial_id|sample_time,create_object,monitor_natural_key_20260618
sqlserver,unique_index,dbo,my_atm_dust_level,,,dbo,my_atm_dust_level,ux_my_atm_dust_level_serial_id_sample_time_avrg,serial_id|sample_time|avrg,create_object,monitor_natural_key_20260618
sqlserver,unique_index,dbo,my_atm_accessory_info,,,dbo,my_atm_accessory_info,ux_my_atm_accessory_info_serial_id_sample_time,serial_id|sample_time,create_object,monitor_natural_key_20260618
sqlserver,unique_index,dbo,omnidots_peak_level,,,dbo,omnidots_peak_level,ux_omnidots_peak_level_serial_id_sample_time,serial_id|sample_time,create_object,monitor_natural_key_20260618
sqlserver,unique_index,dbo,omnidots_veff_level,,,dbo,omnidots_veff_level,ux_omnidots_veff_level_serial_id_sample_time,serial_id|sample_time,create_object,monitor_natural_key_20260618
sqlserver,unique_index,dbo,omnidots_vdv_level,,,dbo,omnidots_vdv_level,ux_omnidots_vdv_level_serial_id_sample_time,serial_id|sample_time,create_object,monitor_natural_key_20260618
sqlserver,unique_index,dbo,air_q_noise_8_hour_average,,,dbo,air_q_noise_8_hour_average,ux_air_q_noise_8_hour_average_serial_id_sample_time,serial_id|sample_time,create_object,monitor_natural_key_20260618
sqlserver,unique_index,dbo,svantek_noise_8_hour_average,,,dbo,svantek_noise_8_hour_average,ux_svantek_noise_8_hour_average_serial_id_sample_time,serial_id|sample_time,create_object,monitor_natural_key_20260618
